Set,Set,Run #1,Run #1,Run #1,Run #1,Run #2,Run #2,Run #2,Run #2,Run #3,Run #3,Run #3,Run #3,Run #4,Run #4,Run #4,Run #4,Run #5,Run #5,Run #5,Run #5,Run #6,Run #6,Run #6,Run #6,Run #7,Run #7,Run #7,Run #7,Run #8,Run #8,Run #8,Run #8,Run #9,Run #9,Run #9,Run #9,Run #10,Run #10,Run #10,Run #10,Run #11,Run #11,Run #11,Run #11,Run #12,Run #12,Run #12,Run #12
Wavelength (nm),Frequency (Hz),Time (s),Current (A),Voltage (V),Stopping Potential (V),Time (s),Current (A),Voltage (V),Stopping Potential (V),Time (s),Current (A),Voltage (V),Stopping Potential (V),Time (s),Current (A),Voltage (V),Stopping Potential (V),Time (s),Current (A),Voltage (V),Stopping Potential (V),Time (s),Current (A),Voltage (V),Stopping Potential (V),Time (s),Current (A),Voltage (V),Stopping Potential (V),Time (s),Current (A),Voltage (V),Stopping Potential (V),Time (s),Current (A),Voltage (V),Stopping Potential (V),Time (s),Current (A),Voltage (V),Stopping Potential (V),Time (s),Current (A),Voltage (V),Stopping Potential (V),Time (s),Current (A),Voltage (V),Stopping Potential (V)
365,8.21E+14,350.800,-1.086E-14,-0.376,0.38,169.200,5.286E-14,-1.080,1.08,198.600,8.960E-14,-1.481,1.48,207.850,5.127E-15,-1.495,1.49,54.600,2.551E-14,-1.874,1.87,61.350,2.234E-14,-1.495,1.49,134.350,1.946E-11,30.006,-30.01,85.650,7.642E-11,30.023,-30.02,35.100,3.212E-10,30.024,-30.02,257.400,5.103E-14,-1.847,1.85,60.700,2.100E-14,-1.688,1.69,18.150,-8.789E-15,-1.712,1.71
405,7.40E+14,429.100,-1.172E-14,0.927,-0.93,238.400,8.057E-15,-0.920,0.92,264.800,-1.245E-14,-1.269,1.27,288.650,3.564E-14,-1.188,1.19,110.000,-6.958E-14,-1.523,1.52,131.750,1.733E-14,-1.255,1.25,161.700,1.836E-11,28.004,-28.00,91.500,7.358E-11,27.995,-27.99,40.500,3.162E-10,28.064,-28.06,303.700,-5.493E-15,-1.410,1.41,95.400,5.872E-14,-1.227,1.23,146.050,2.795E-14,-1.420,1.42
436,6.88E+14,,,,,323.250,-4.236E-14,-0.797,0.80,327.200,2.319E-15,-1.077,1.08,333.750,-1.355E-14,-1.036,1.04,180.750,-6.641E-14,-1.328,1.33,206.850,2.173E-14,-1.039,1.04,192.950,1.700E-11,26.006,-26.01,95.800,7.088E-11,25.926,-25.93,45.550,3.088E-10,26.633,-26.63,352.700,-2.917E-14,-1.199,1.20,132.800,3.149E-14,-1.147,1.15,203.500,2.844E-14,-1.169,1.17
546,5.49E+14,,,,,461.950,2.429E-14,-0.170,0.17,412.750,-6.470E-15,-0.636,0.64,445.400,4.260E-14,-0.588,0.59,252.650,1.917E-14,-0.856,0.86,283.200,8.789E-15,-0.601,0.60,227.900,1.655E-11,23.998,-24.00,101.550,6.739E-11,24.031,-24.03,51.600,3.029E-10,26.057,-26.06,414.200,-2.344E-14,-0.662,0.66,343.450,2.100E-14,-0.485,0.49,279.650,1.001E-14,-0.618,0.62
577,5.20E+14,,,,,482.250,9.644E-15,-0.109,0.11,482.050,2.393E-14,-0.535,0.54,473.100,2.295E-14,-0.569,0.57,313.250,-6.348E-15,-0.713,0.71,345.200,-3.174E-15,-0.467,0.47,250.000,1.573E-11,22.001,-22.00,109.550,6.412E-11,22.020,-22.02,58.150,2.865E-10,24.066,-24.07,449.750,-5.090E-14,-0.547,0.55,370.600,8.911E-15,-0.400,0.40,326.900,5.725E-14,-0.474,0.47
,,,,,,,,,,,,,,,,,,,,,,,,,,262.950,1.489E-11,19.999,-20.00,115.900,6.083E-11,20.036,-20.04,60.500,2.764E-10,22.791,-22.79,,,,,,,,,326.950,4.016E-14,-0.473,0.47
,,,,,,,,,,,,,,,,,,,,,,,,,,285.000,1.399E-11,18.003,-18.00,123.450,5.752E-11,17.982,-17.98,63.550,2.721E-10,21.994,-21.99,,,,,,,,,327.000,3.882E-14,-0.473,0.47
,,,,,,,,,,,,,,,,,,,,,,,,,,305.000,1.330E-11,16.007,-16.01,133.450,5.415E-11,15.987,-15.99,67.300,2.585E-10,20.005,-20.01,,,,,,,,,327.050,3.833E-14,-0.472,0.47
,,,,,,,,,,,,,,,,,,,,,,,,,,321.800,1.220E-11,13.993,-13.99,142.150,4.824E-11,13.949,-13.95,71.000,2.408E-10,18.150,-18.15,,,,,,,,,327.100,3.662E-14,-0.472,0.47
,,,,,,,,,,,,,,,,,,,,,,,,,,335.800,1.113E-11,12.006,-12.01,149.500,4.202E-11,11.967,-11.97,74.250,2.238E-10,16.204,-16.20,,,,,,,,,327.150,3.967E-14,-0.472,0.47
,,,,,,,,,,,,,,,,,,,,,,,,,,344.600,9.707E-12,9.992,-9.99,159.550,3.417E-11,10.002,-10.00,78.500,1.925E-10,14.074,-14.07,,,,,,,,,327.200,4.895E-14,-0.472,0.47
,,,,,,,,,,,,,,,,,,,,,,,,,,350.950,7.813E-12,7.756,-7.76,167.200,2.566E-11,7.998,-8.00,83.800,1.605E-10,12.046,-12.05,,,,,,,,,327.250,4.529E-14,-0.474,0.47
,,,,,,,,,,,,,,,,,,,,,,,,,,358.400,6.663E-12,6.764,-6.76,176.600,1.822E-11,6.013,-6.01,90.300,1.411E-10,10.086,-10.09,,,,,,,,,327.300,6.238E-14,-0.473,0.47
,,,,,,,,,,,,,,,,,,,,,,,,,,365.350,6.163E-12,5.977,-5.98,184.600,8.258E-12,4.000,-4.00,93.550,1.094E-10,8.141,-8.14,,,,,,,,,327.350,8.069E-14,-0.473,0.47
,,,,,,,,,,,,,,,,,,,,,,,,,,378.450,4.376E-12,4.010,-4.01,192.050,1.926E-12,1.988,-1.99,97.100,9.257E-11,6.209,-6.21,,,,,,,,,327.400,9.387E-14,-0.473,0.47
,,,,,,,,,,,,,,,,,,,,,,,,,,388.500,1.723E-12,1.990,-1.99,198.050,2.180E-13,-0.002,0.00,101.450,8.675E-11,6.064,-6.06,,,,,,,,,327.450,1.107E-13,-0.473,0.47
,,,,,,,,,,,,,,,,,,,,,,,,,,397.650,3.955E-13,0.006,-0.01,202.250,1.271E-13,-0.125,0.12,104.200,4.656E-11,3.974,-3.97,,,,,,,,,327.500,1.084E-13,-0.473,0.47
,,,,,,,,,,,,,,,,,,,,,,,,,,465.450,1.617E-13,-0.103,0.10,204.850,7.446E-14,-0.205,0.21,106.100,3.742E-11,3.647,-3.65,,,,,,,,,327.550,1.346E-13,-0.472,0.47
,,,,,,,,,,,,,,,,,,,,,,,,,,470.900,1.429E-13,-0.202,0.20,207.450,4.431E-14,-0.305,0.31,108.700,3.167E-11,3.091,-3.09,,,,,,,,,327.600,1.288E-13,-0.473,0.47
,,,,,,,,,,,,,,,,,,,,,,,,,,476.450,1.405E-13,-0.311,0.31,209.650,3.381E-14,-0.402,0.40,110.250,2.213E-11,2.678,-2.68,,,,,,,,,327.650,1.362E-13,-0.472,0.47
,,,,,,,,,,,,,,,,,,,,,,,,,,483.100,1.104E-13,-0.406,0.41,211.700,6.238E-14,-0.508,0.51,112.150,1.623E-11,2.067,-2.07,,,,,,,,,327.700,1.415E-13,-0.473,0.47
,,,,,,,,,,,,,,,,,,,,,,,,,,490.150,8.643E-14,-0.506,0.51,213.100,2.283E-14,-0.619,0.62,114.250,7.991E-12,1.385,-1.38,,,,,,,,,327.750,1.377E-13,-0.473,0.47
,,,,,,,,,,,,,,,,,,,,,,,,,,494.250,3.894E-14,-0.626,0.63,215.500,1.257E-14,-0.709,0.71,116.750,5.213E-12,1.069,-1.07,,,,,,,,,327.800,1.390E-13,-0.473,0.47
,,,,,,,,,,,,,,,,,,,,,,,,,,498.150,4.260E-14,-0.696,0.70,218.300,9.766E-15,-0.806,0.81,119.300,3.110E-12,0.316,-0.32,,,,,,,,,327.850,1.512E-13,-0.473,0.47
,,,,,,,,,,,,,,,,,,,,,,,,,,503.700,3.186E-14,-0.803,0.80,219.650,3.784E-15,-0.947,0.95,122.700,2.842E-12,0.095,-0.09,,,,,,,,,327.900,1.560E-13,-0.472,0.47
,,,,,,,,,,,,,,,,,,,,,,,,,,507.500,3.015E-14,-0.905,0.91,223.300,6.714E-15,-1.007,1.01,125.250,5.469E-13,-0.450,0.45,,,,,,,,,327.950,1.471E-13,-0.474,0.47
,,,,,,,,,,,,,,,,,,,,,,,,,,511.350,1.904E-14,-1.004,1.00,226.100,1.074E-14,-1.119,1.12,126.250,5.651E-13,-0.485,0.49,,,,,,,,,328.000,1.715E-13,-0.473,0.47
,,,,,,,,,,,,,,,,,,,,,,,,,,514.050,2.515E-14,-1.104,1.10,227.450,-1.953E-15,-1.215,1.22,130.050,5.698E-13,-0.510,0.51,,,,,,,,,328.050,2.009E-13,-0.473,0.47
,,,,,,,,,,,,,,,,,,,,,,,,,,517.800,3.064E-14,-1.199,1.20,,,,,133.600,3.907E-13,-0.620,0.62,,,,,,,,,328.100,2.206E-13,-0.473,0.47
,,,,,,,,,,,,,,,,,,,,,,,,,,521.950,2.417E-14,-1.302,1.30,,,,,135.300,3.103E-13,-0.735,0.74,,,,,,,,,328.150,2.406E-13,-0.473,0.47
,,,,,,,,,,,,,,,,,,,,,,,,,,524.800,1.318E-14,-1.407,1.41,,,,,136.400,2.314E-13,-0.831,0.83,,,,,,,,,328.200,2.532E-13,-0.473,0.47
,,,,,,,,,,,,,,,,,,,,,,,,,,530.400,2.466E-14,-1.510,1.51,,,,,138.300,9.985E-14,-0.910,0.91,,,,,,,,,328.250,2.668E-13,-0.473,0.47
,,,,,,,,,,,,,,,,,,,,,,,,,,533.350,6.958E-15,-1.602,1.60,,,,,140.550,9.460E-14,-1.011,1.01,,,,,,,,,328.300,2.639E-13,-0.473,0.47
,,,,,,,,,,,,,,,,,,,,,,,,,,537.150,1.331E-14,-1.703,1.70,,,,,142.500,5.505E-14,-1.105,1.10,,,,,,,,,328.350,2.570E-13,-0.473,0.47
,,,,,,,,,,,,,,,,,,,,,,,,,,539.750,-1.282E-14,-1.803,1.80,,,,,145.950,4.565E-14,-1.206,1.21,,,,,,,,,328.400,2.460E-13,-0.473,0.47
,,,,,,,,,,,,,,,,,,,,,,,,,,543.700,-4.712E-14,-1.903,1.90,,,,,148.150,2.734E-14,-1.301,1.30,,,,,,,,,328.450,2.267E-13,-0.473,0.47
,,,,,,,,,,,,,,,,,,,,,,,,,,,,,,,,,,149.950,3.784E-14,-1.410,1.41,,,,,,,,,328.500,2.156E-13,-0.473,0.47
,,,,,,,,,,,,,,,,,,,,,,,,,,,,,,,,,,151.700,1.343E-14,-1.504,1.50,,,,,,,,,328.550,2.081E-13,-0.473,0.47
,,,,,,,,,,,,,,,,,,,,,,,,,,,,,,,,,,153.450,1.379E-14,-1.607,1.61,,,,,,,,,328.600,1.877E-13,-0.473,0.47
,,,,,,,,,,,,,,,,,,,,,,,,,,,,,,,,,,155.250,-1.282E-14,-1.714,1.71,,,,,,,,,328.650,1.847E-13,-0.470,0.47
,,,,,,,,,,,,,,,,,,,,,,,,,,,,,,,,,,157.400,-6.042E-14,-1.812,1.81,,,,,,,,,328.700,1.965E-13,-0.466,0.47
,,,,,,,,,,,,,,,,,,,,,,,,,,,,,,,,,,,,,,,,,,,,,,328.750,2.092E-13,-0.466,0.47
,,,,,,,,,,,,,,,,,,,,,,,,,,,,,,,,,,,,,,,,,,,,,,328.800,2.314E-13,-0.465,0.47
,,,,,,,,,,,,,,,,,,,,,,,,,,,,,,,,,,,,,,,,,,,,,,328.850,2.555E-13,-0.465,0.47
,,,,,,,,,,,,,,,,,,,,,,,,,,,,,,,,,,,,,,,,,,,,,,328.900,2.788E-13,-0.465,0.47
,,,,,,,,,,,,,,,,,,,,,,,,,,,,,,,,,,,,,,,,,,,,,,328.950,2.972E-13,-0.465,0.46
,,,,,,,,,,,,,,,,,,,,,,,,,,,,,,,,,,,,,,,,,,,,,,329.000,2.686E-13,-0.467,0.47
,,,,,,,,,,,,,,,,,,,,,,,,,,,,,,,,,,,,,,,,,,,,,,329.050,2.690E-13,-0.465,0.46
,,,,,,,,,,,,,,,,,,,,,,,,,,,,,,,,,,,,,,,,,,,,,,329.100,2.570E-13,-0.465,0.46
,,,,,,,,,,,,,,,,,,,,,,,,,,,,,,,,,,,,,,,,,,,,,,329.150,2.144E-13,-0.465,0.47
,,,,,,,,,,,,,,,,,,,,,,,,,,,,,,,,,,,,,,,,,,,,,,329.200,1.965E-13,-0.465,0.47
,,,,,,,,,,,,,,,,,,,,,,,,,,,,,,,,,,,,,,,,,,,,,,329.250,1.897E-13,-0.465,0.46
,,,,,,,,,,,,,,,,,,,,,,,,,,,,,,,,,,,,,,,,,,,,,,329.300,1.835E-13,-0.465,0.46
,,,,,,,,,,,,,,,,,,,,,,,,,,,,,,,,,,,,,,,,,,,,,,329.350,1.914E-13,-0.465,0.46
,,,,,,,,,,,,,,,,,,,,,,,,,,,,,,,,,,,,,,,,,,,,,,329.400,2.190E-13,-0.464,0.46
,,,,,,,,,,,,,,,,,,,,,,,,,,,,,,,,,,,,,,,,,,,,,,329.450,2.227E-13,-0.465,0.46
,,,,,,,,,,,,,,,,,,,,,,,,,,,,,,,,,,,,,,,,,,,,,,329.500,2.417E-13,-0.464,0.46
,,,,,,,,,,,,,,,,,,,,,,,,,,,,,,,,,,,,,,,,,,,,,,329.550,2.498E-13,-0.464,0.46
,,,,,,,,,,,,,,,,,,,,,,,,,,,,,,,,,,,,,,,,,,,,,,329.600,2.628E-13,-0.464,0.46
,,,,,,,,,,,,,,,,,,,,,,,,,,,,,,,,,,,,,,,,,,,,,,329.650,2.472E-13,-0.465,0.46
,,,,,,,,,,,,,,,,,,,,,,,,,,,,,,,,,,,,,,,,,,,,,,329.700,2.217E-13,-0.465,0.46
,,,,,,,,,,,,,,,,,,,,,,,,,,,,,,,,,,,,,,,,,,,,,,329.750,2.029E-13,-0.465,0.46
,,,,,,,,,,,,,,,,,,,,,,,,,,,,,,,,,,,,,,,,,,,,,,329.800,1.843E-13,-0.464,0.46
,,,,,,,,,,,,,,,,,,,,,,,,,,,,,,,,,,,,,,,,,,,,,,329.850,1.675E-13,-0.465,0.47
,,,,,,,,,,,,,,,,,,,,,,,,,,,,,,,,,,,,,,,,,,,,,,329.900,1.633E-13,-0.465,0.46
,,,,,,,,,,,,,,,,,,,,,,,,,,,,,,,,,,,,,,,,,,,,,,329.950,1.444E-13,-0.465,0.46
,,,,,,,,,,,,,,,,,,,,,,,,,,,,,,,,,,,,,,,,,,,,,,330.000,1.543E-13,-0.465,0.46
,,,,,,,,,,,,,,,,,,,,,,,,,,,,,,,,,,,,,,,,,,,,,,330.050,1.670E-13,-0.464,0.46
,,,,,,,,,,,,,,,,,,,,,,,,,,,,,,,,,,,,,,,,,,,,,,330.100,1.521E-13,-0.465,0.46
,,,,,,,,,,,,,,,,,,,,,,,,,,,,,,,,,,,,,,,,,,,,,,330.150,1.511E-13,-0.466,0.47
,,,,,,,,,,,,,,,,,,,,,,,,,,,,,,,,,,,,,,,,,,,,,,330.200,1.587E-13,-0.465,0.46
,,,,,,,,,,,,,,,,,,,,,,,,,,,,,,,,,,,,,,,,,,,,,,330.250,1.699E-13,-0.465,0.46
,,,,,,,,,,,,,,,,,,,,,,,,,,,,,,,,,,,,,,,,,,,,,,330.300,1.616E-13,-0.466,0.47
,,,,,,,,,,,,,,,,,,,,,,,,,,,,,,,,,,,,,,,,,,,,,,330.350,1.655E-13,-0.466,0.47
,,,,,,,,,,,,,,,,,,,,,,,,,,,,,,,,,,,,,,,,,,,,,,330.400,1.750E-13,-0.465,0.47
,,,,,,,,,,,,,,,,,,,,,,,,,,,,,,,,,,,,,,,,,,,,,,330.450,1.694E-13,-0.466,0.47
,,,,,,,,,,,,,,,,,,,,,,,,,,,,,,,,,,,,,,,,,,,,,,330.500,1.755E-13,-0.465,0.46
,,,,,,,,,,,,,,,,,,,,,,,,,,,,,,,,,,,,,,,,,,,,,,330.550,1.718E-13,-0.466,0.47
,,,,,,,,,,,,,,,,,,,,,,,,,,,,,,,,,,,,,,,,,,,,,,330.600,1.792E-13,-0.466,0.47
,,,,,,,,,,,,,,,,,,,,,,,,,,,,,,,,,,,,,,,,,,,,,,330.650,1.748E-13,-0.466,0.47
,,,,,,,,,,,,,,,,,,,,,,,,,,,,,,,,,,,,,,,,,,,,,,330.700,1.816E-13,-0.465,0.46
,,,,,,,,,,,,,,,,,,,,,,,,,,,,,,,,,,,,,,,,,,,,,,330.750,1.792E-13,-0.464,0.46
,,,,,,,,,,,,,,,,,,,,,,,,,,,,,,,,,,,,,,,,,,,,,,330.800,1.731E-13,-0.465,0.46
,,,,,,,,,,,,,,,,,,,,,,,,,,,,,,,,,,,,,,,,,,,,,,330.850,1.774E-13,-0.465,0.46
,,,,,,,,,,,,,,,,,,,,,,,,,,,,,,,,,,,,,,,,,,,,,,330.900,1.655E-13,-0.465,0.47
,,,,,,,,,,,,,,,,,,,,,,,,,,,,,,,,,,,,,,,,,,,,,,330.950,1.641E-13,-0.465,0.47
,,,,,,,,,,,,,,,,,,,,,,,,,,,,,,,,,,,,,,,,,,,,,,331.000,1.583E-13,-0.465,0.47
,,,,,,,,,,,,,,,,,,,,,,,,,,,,,,,,,,,,,,,,,,,,,,331.050,1.610E-13,-0.465,0.46
,,,,,,,,,,,,,,,,,,,,,,,,,,,,,,,,,,,,,,,,,,,,,,331.100,1.547E-13,-0.465,0.46
,,,,,,,,,,,,,,,,,,,,,,,,,,,,,,,,,,,,,,,,,,,,,,331.150,1.575E-13,-0.464,0.46
,,,,,,,,,,,,,,,,,,,,,,,,,,,,,,,,,,,,,,,,,,,,,,331.200,1.342E-13,-0.466,0.47
,,,,,,,,,,,,,,,,,,,,,,,,,,,,,,,,,,,,,,,,,,,,,,331.250,1.340E-13,-0.465,0.46
,,,,,,,,,,,,,,,,,,,,,,,,,,,,,,,,,,,,,,,,,,,,,,331.300,1.183E-13,-0.465,0.46
,,,,,,,,,,,,,,,,,,,,,,,,,,,,,,,,,,,,,,,,,,,,,,331.350,1.071E-13,-0.465,0.46
,,,,,,,,,,,,,,,,,,,,,,,,,,,,,,,,,,,,,,,,,,,,,,331.400,9.119E-14,-0.465,0.46
,,,,,,,,,,,,,,,,,,,,,,,,,,,,,,,,,,,,,,,,,,,,,,331.450,8.813E-14,-0.464,0.46
,,,,,,,,,,,,,,,,,,,,,,,,,,,,,,,,,,,,,,,,,,,,,,331.500,6.897E-14,-0.465,0.47
,,,,,,,,,,,,,,,,,,,,,,,,,,,,,,,,,,,,,,,,,,,,,,331.550,6.323E-14,-0.465,0.46
,,,,,,,,,,,,,,,,,,,,,,,,,,,,,,,,,,,,,,,,,,,,,,331.600,4.016E-14,-0.465,0.47
,,,,,,,,,,,,,,,,,,,,,,,,,,,,,,,,,,,,,,,,,,,,,,331.650,3.284E-14,-0.465,0.47
,,,,,,,,,,,,,,,,,,,,,,,,,,,,,,,,,,,,,,,,,,,,,,331.700,2.747E-14,-0.465,0.46
,,,,,,,,,,,,,,,,,,,,,,,,,,,,,,,,,,,,,,,,,,,,,,331.750,9.766E-15,-0.465,0.47
,,,,,,,,,,,,,,,,,,,,,,,,,,,,,,,,,,,,,,,,,,,,,,331.800,1.501E-14,-0.465,0.47
,,,,,,,,,,,,,,,,,,,,,,,,,,,,,,,,,,,,,,,,,,,,,,331.850,1.880E-14,-0.466,0.47
,,,,,,,,,,,,,,,,,,,,,,,,,,,,,,,,,,,,,,,,,,,,,,331.900,3.723E-14,-0.466,0.47
,,,,,,,,,,,,,,,,,,,,,,,,,,,,,,,,,,,,,,,,,,,,,,331.950,4.309E-14,-0.466,0.47
,,,,,,,,,,,,,,,,,,,,,,,,,,,,,,,,,,,,,,,,,,,,,,332.000,6.824E-14,-0.465,0.47
,,,,,,,,,,,,,,,,,,,,,,,,,,,,,,,,,,,,,,,,,,,,,,332.050,8.081E-14,-0.464,0.46
,,,,,,,,,,,,,,,,,,,,,,,,,,,,,,,,,,,,,,,,,,,,,,332.100,7.678E-14,-0.465,0.46
,,,,,,,,,,,,,,,,,,,,,,,,,,,,,,,,,,,,,,,,,,,,,,332.150,7.104E-14,-0.465,0.47
,,,,,,,,,,,,,,,,,,,,,,,,,,,,,,,,,,,,,,,,,,,,,,332.200,5.457E-14,-0.465,0.47
,,,,,,,,,,,,,,,,,,,,,,,,,,,,,,,,,,,,,,,,,,,,,,332.250,3.784E-14,-0.466,0.47
,,,,,,,,,,,,,,,,,,,,,,,,,,,,,,,,,,,,,,,,,,,,,,332.300,4.663E-14,-0.465,0.46
,,,,,,,,,,,,,,,,,,,,,,,,,,,,,,,,,,,,,,,,,,,,,,332.350,3.833E-14,-0.465,0.47
,,,,,,,,,,,,,,,,,,,,,,,,,,,,,,,,,,,,,,,,,,,,,,332.400,5.737E-14,-0.465,0.46
,,,,,,,,,,,,,,,,,,,,,,,,,,,,,,,,,,,,,,,,,,,,,,332.450,7.556E-14,-0.465,0.46
,,,,,,,,,,,,,,,,,,,,,,,,,,,,,,,,,,,,,,,,,,,,,,332.500,1.006E-13,-0.467,0.47
,,,,,,,,,,,,,,,,,,,,,,,,,,,,,,,,,,,,,,,,,,,,,,332.550,1.233E-13,-0.466,0.47
,,,,,,,,,,,,,,,,,,,,,,,,,,,,,,,,,,,,,,,,,,,,,,332.600,1.489E-13,-0.465,0.47
,,,,,,,,,,,,,,,,,,,,,,,,,,,,,,,,,,,,,,,,,,,,,,332.650,1.462E-13,-0.466,0.47
,,,,,,,,,,,,,,,,,,,,,,,,,,,,,,,,,,,,,,,,,,,,,,332.700,1.462E-13,-0.466,0.47
,,,,,,,,,,,,,,,,,,,,,,,,,,,,,,,,,,,,,,,,,,,,,,332.750,1.605E-13,-0.466,0.47
,,,,,,,,,,,,,,,,,,,,,,,,,,,,,,,,,,,,,,,,,,,,,,332.800,1.532E-13,-0.466,0.47
,,,,,,,,,,,,,,,,,,,,,,,,,,,,,,,,,,,,,,,,,,,,,,332.850,1.692E-13,-0.466,0.47
,,,,,,,,,,,,,,,,,,,,,,,,,,,,,,,,,,,,,,,,,,,,,,332.900,2.026E-13,-0.465,0.47
,,,,,,,,,,,,,,,,,,,,,,,,,,,,,,,,,,,,,,,,,,,,,,332.950,2.350E-13,-0.466,0.47
,,,,,,,,,,,,,,,,,,,,,,,,,,,,,,,,,,,,,,,,,,,,,,333.000,2.725E-13,-0.465,0.47
,,,,,,,,,,,,,,,,,,,,,,,,,,,,,,,,,,,,,,,,,,,,,,333.050,3.021E-13,-0.466,0.47
,,,,,,,,,,,,,,,,,,,,,,,,,,,,,,,,,,,,,,,,,,,,,,333.100,3.253E-13,-0.465,0.46
,,,,,,,,,,,,,,,,,,,,,,,,,,,,,,,,,,,,,,,,,,,,,,333.150,3.419E-13,-0.466,0.47
,,,,,,,,,,,,,,,,,,,,,,,,,,,,,,,,,,,,,,,,,,,,,,333.200,3.458E-13,-0.465,0.47
,,,,,,,,,,,,,,,,,,,,,,,,,,,,,,,,,,,,,,,,,,,,,,333.250,3.644E-13,-0.465,0.46
,,,,,,,,,,,,,,,,,,,,,,,,,,,,,,,,,,,,,,,,,,,,,,333.300,3.710E-13,-0.466,0.47
,,,,,,,,,,,,,,,,,,,,,,,,,,,,,,,,,,,,,,,,,,,,,,333.350,3.718E-13,-0.465,0.46
,,,,,,,,,,,,,,,,,,,,,,,,,,,,,,,,,,,,,,,,,,,,,,333.400,3.750E-13,-0.465,0.47
,,,,,,,,,,,,,,,,,,,,,,,,,,,,,,,,,,,,,,,,,,,,,,333.450,3.585E-13,-0.465,0.47
,,,,,,,,,,,,,,,,,,,,,,,,,,,,,,,,,,,,,,,,,,,,,,333.500,3.385E-13,-0.466,0.47
,,,,,,,,,,,,,,,,,,,,,,,,,,,,,,,,,,,,,,,,,,,,,,333.550,3.116E-13,-0.466,0.47
,,,,,,,,,,,,,,,,,,,,,,,,,,,,,,,,,,,,,,,,,,,,,,333.600,2.767E-13,-0.466,0.47
,,,,,,,,,,,,,,,,,,,,,,,,,,,,,,,,,,,,,,,,,,,,,,333.650,2.367E-13,-0.465,0.46
,,,,,,,,,,,,,,,,,,,,,,,,,,,,,,,,,,,,,,,,,,,,,,333.700,2.007E-13,-0.465,0.47
,,,,,,,,,,,,,,,,,,,,,,,,,,,,,,,,,,,,,,,,,,,,,,333.750,1.763E-13,-0.465,0.47
,,,,,,,,,,,,,,,,,,,,,,,,,,,,,,,,,,,,,,,,,,,,,,333.800,1.486E-13,-0.466,0.47
,,,,,,,,,,,,,,,,,,,,,,,,,,,,,,,,,,,,,,,,,,,,,,333.850,1.486E-13,-0.466,0.47
,,,,,,,,,,,,,,,,,,,,,,,,,,,,,,,,,,,,,,,,,,,,,,333.900,1.680E-13,-0.465,0.46
,,,,,,,,,,,,,,,,,,,,,,,,,,,,,,,,,,,,,,,,,,,,,,333.950,1.667E-13,-0.466,0.47
,,,,,,,,,,,,,,,,,,,,,,,,,,,,,,,,,,,,,,,,,,,,,,334.000,2.023E-13,-0.466,0.47
,,,,,,,,,,,,,,,,,,,,,,,,,,,,,,,,,,,,,,,,,,,,,,334.050,2.148E-13,-0.466,0.47
,,,,,,,,,,,,,,,,,,,,,,,,,,,,,,,,,,,,,,,,,,,,,,334.100,2.324E-13,-0.465,0.47
,,,,,,,,,,,,,,,,,,,,,,,,,,,,,,,,,,,,,,,,,,,,,,334.150,2.355E-13,-0.465,0.47
,,,,,,,,,,,,,,,,,,,,,,,,,,,,,,,,,,,,,,,,,,,,,,334.200,2.329E-13,-0.465,0.47
,,,,,,,,,,,,,,,,,,,,,,,,,,,,,,,,,,,,,,,,,,,,,,334.250,2.142E-13,-0.464,0.46
,,,,,,,,,,,,,,,,,,,,,,,,,,,,,,,,,,,,,,,,,,,,,,334.300,1.812E-13,-0.466,0.47
,,,,,,,,,,,,,,,,,,,,,,,,,,,,,,,,,,,,,,,,,,,,,,334.350,1.581E-13,-0.467,0.47
,,,,,,,,,,,,,,,,,,,,,,,,,,,,,,,,,,,,,,,,,,,,,,334.400,1.432E-13,-0.465,0.47
,,,,,,,,,,,,,,,,,,,,,,,,,,,,,,,,,,,,,,,,,,,,,,334.450,1.360E-13,-0.466,0.47
,,,,,,,,,,,,,,,,,,,,,,,,,,,,,,,,,,,,,,,,,,,,,,334.500,1.423E-13,-0.465,0.46
,,,,,,,,,,,,,,,,,,,,,,,,,,,,,,,,,,,,,,,,,,,,,,334.550,1.208E-13,-0.466,0.47
,,,,,,,,,,,,,,,,,,,,,,,,,,,,,,,,,,,,,,,,,,,,,,334.600,1.344E-13,-0.465,0.47
,,,,,,,,,,,,,,,,,,,,,,,,,,,,,,,,,,,,,,,,,,,,,,334.650,1.456E-13,-0.464,0.46
,,,,,,,,,,,,,,,,,,,,,,,,,,,,,,,,,,,,,,,,,,,,,,334.700,1.469E-13,-0.464,0.46
,,,,,,,,,,,,,,,,,,,,,,,,,,,,,,,,,,,,,,,,,,,,,,334.750,1.444E-13,-0.465,0.46
,,,,,,,,,,,,,,,,,,,,,,,,,,,,,,,,,,,,,,,,,,,,,,334.800,1.377E-13,-0.465,0.47
,,,,,,,,,,,,,,,,,,,,,,,,,,,,,,,,,,,,,,,,,,,,,,334.850,1.538E-13,-0.465,0.46
,,,,,,,,,,,,,,,,,,,,,,,,,,,,,,,,,,,,,,,,,,,,,,334.900,1.520E-13,-0.464,0.46
,,,,,,,,,,,,,,,,,,,,,,,,,,,,,,,,,,,,,,,,,,,,,,334.950,1.445E-13,-0.465,0.47
,,,,,,,,,,,,,,,,,,,,,,,,,,,,,,,,,,,,,,,,,,,,,,335.000,1.583E-13,-0.464,0.46
,,,,,,,,,,,,,,,,,,,,,,,,,,,,,,,,,,,,,,,,,,,,,,335.050,1.448E-13,-0.465,0.47
,,,,,,,,,,,,,,,,,,,,,,,,,,,,,,,,,,,,,,,,,,,,,,335.100,1.411E-13,-0.465,0.47
,,,,,,,,,,,,,,,,,,,,,,,,,,,,,,,,,,,,,,,,,,,,,,335.150,1.521E-13,-0.465,0.46
,,,,,,,,,,,,,,,,,,,,,,,,,,,,,,,,,,,,,,,,,,,,,,335.200,1.543E-13,-0.465,0.47
,,,,,,,,,,,,,,,,,,,,,,,,,,,,,,,,,,,,,,,,,,,,,,335.250,1.565E-13,-0.464,0.46
,,,,,,,,,,,,,,,,,,,,,,,,,,,,,,,,,,,,,,,,,,,,,,335.300,1.526E-13,-0.465,0.46
,,,,,,,,,,,,,,,,,,,,,,,,,,,,,,,,,,,,,,,,,,,,,,335.350,1.504E-13,-0.465,0.47
,,,,,,,,,,,,,,,,,,,,,,,,,,,,,,,,,,,,,,,,,,,,,,335.400,1.504E-13,-0.465,0.47
,,,,,,,,,,,,,,,,,,,,,,,,,,,,,,,,,,,,,,,,,,,,,,335.450,1.565E-13,-0.465,0.47
,,,,,,,,,,,,,,,,,,,,,,,,,,,,,,,,,,,,,,,,,,,,,,335.500,1.530E-13,-0.465,0.46
,,,,,,,,,,,,,,,,,,,,,,,,,,,,,,,,,,,,,,,,,,,,,,335.550,1.625E-13,-0.465,0.46
,,,,,,,,,,,,,,,,,,,,,,,,,,,,,,,,,,,,,,,,,,,,,,335.600,1.609E-13,-0.466,0.47
,,,,,,,,,,,,,,,,,,,,,,,,,,,,,,,,,,,,,,,,,,,,,,335.650,1.689E-13,-0.465,0.46
,,,,,,,,,,,,,,,,,,,,,,,,,,,,,,,,,,,,,,,,,,,,,,335.700,1.682E-13,-0.465,0.47
,,,,,,,,,,,,,,,,,,,,,,,,,,,,,,,,,,,,,,,,,,,,,,335.750,1.603E-13,-0.465,0.47
,,,,,,,,,,,,,,,,,,,,,,,,,,,,,,,,,,,,,,,,,,,,,,335.800,1.418E-13,-0.466,0.47
,,,,,,,,,,,,,,,,,,,,,,,,,,,,,,,,,,,,,,,,,,,,,,335.850,1.100E-13,-0.465,0.47
,,,,,,,,,,,,,,,,,,,,,,,,,,,,,,,,,,,,,,,,,,,,,,335.900,6.775E-14,-0.465,0.46
,,,,,,,,,,,,,,,,,,,,,,,,,,,,,,,,,,,,,,,,,,,,,,335.950,7.935E-15,-0.466,0.47
,,,,,,,,,,,,,,,,,,,,,,,,,,,,,,,,,,,,,,,,,,,,,,336.000,-2.612E-14,-0.464,0.46
,,,,,,,,,,,,,,,,,,,,,,,,,,,,,,,,,,,,,,,,,,,,,,336.050,-8.215E-14,-0.465,0.47
,,,,,,,,,,,,,,,,,,,,,,,,,,,,,,,,,,,,,,,,,,,,,,336.100,-1.366E-13,-0.466,0.47
,,,,,,,,,,,,,,,,,,,,,,,,,,,,,,,,,,,,,,,,,,,,,,336.150,-1.733E-13,-0.464,0.46
,,,,,,,,,,,,,,,,,,,,,,,,,,,,,,,,,,,,,,,,,,,,,,336.200,-2.240E-13,-0.465,0.46
,,,,,,,,,,,,,,,,,,,,,,,,,,,,,,,,,,,,,,,,,,,,,,336.250,-2.297E-13,-0.465,0.46
,,,,,,,,,,,,,,,,,,,,,,,,,,,,,,,,,,,,,,,,,,,,,,336.300,-2.366E-13,-0.466,0.47
,,,,,,,,,,,,,,,,,,,,,,,,,,,,,,,,,,,,,,,,,,,,,,336.350,-2.085E-13,-0.465,0.47
,,,,,,,,,,,,,,,,,,,,,,,,,,,,,,,,,,,,,,,,,,,,,,336.400,-1.611E-13,-0.464,0.46
,,,,,,,,,,,,,,,,,,,,,,,,,,,,,,,,,,,,,,,,,,,,,,336.450,-1.448E-13,-0.465,0.47
,,,,,,,,,,,,,,,,,,,,,,,,,,,,,,,,,,,,,,,,,,,,,,336.500,-2.324E-13,-0.464,0.46
,,,,,,,,,,,,,,,,,,,,,,,,,,,,,,,,,,,,,,,,,,,,,,336.550,-5.479E-13,-0.465,0.46
,,,,,,,,,,,,,,,,,,,,,,,,,,,,,,,,,,,,,,,,,,,,,,336.600,-9.500E-13,-0.465,0.46
,,,,,,,,,,,,,,,,,,,,,,,,,,,,,,,,,,,,,,,,,,,,,,336.650,-1.106E-12,-0.464,0.46
,,,,,,,,,,,,,,,,,,,,,,,,,,,,,,,,,,,,,,,,,,,,,,336.700,-1.001E-12,-0.465,0.46
,,,,,,,,,,,,,,,,,,,,,,,,,,,,,,,,,,,,,,,,,,,,,,336.750,-6.924E-13,-0.466,0.47
,,,,,,,,,,,,,,,,,,,,,,,,,,,,,,,,,,,,,,,,,,,,,,336.800,-3.057E-13,-0.466,0.47
,,,,,,,,,,,,,,,,,,,,,,,,,,,,,,,,,,,,,,,,,,,,,,336.850,4.614E-14,-0.465,0.46
,,,,,,,,,,,,,,,,,,,,,,,,,,,,,,,,,,,,,,,,,,,,,,336.900,3.458E-13,-0.465,0.46
,,,,,,,,,,,,,,,,,,,,,,,,,,,,,,,,,,,,,,,,,,,,,,336.950,5.645E-13,-0.464,0.46
,,,,,,,,,,,,,,,,,,,,,,,,,,,,,,,,,,,,,,,,,,,,,,337.000,6.464E-13,-0.465,0.46
,,,,,,,,,,,,,,,,,,,,,,,,,,,,,,,,,,,,,,,,,,,,,,337.050,6.259E-13,-0.464,0.46
,,,,,,,,,,,,,,,,,,,,,,,,,,,,,,,,,,,,,,,,,,,,,,337.100,5.133E-13,-0.464,0.46
,,,,,,,,,,,,,,,,,,,,,,,,,,,,,,,,,,,,,,,,,,,,,,337.150,3.456E-13,-0.464,0.46
,,,,,,,,,,,,,,,,,,,,,,,,,,,,,,,,,,,,,,,,,,,,,,337.200,2.122E-13,-0.464,0.46
,,,,,,,,,,,,,,,,,,,,,,,,,,,,,,,,,,,,,,,,,,,,,,337.250,1.503E-13,-0.465,0.46
,,,,,,,,,,,,,,,,,,,,,,,,,,,,,,,,,,,,,,,,,,,,,,337.300,1.672E-13,-0.465,0.46
,,,,,,,,,,,,,,,,,,,,,,,,,,,,,,,,,,,,,,,,,,,,,,337.350,2.555E-13,-0.465,0.46
,,,,,,,,,,,,,,,,,,,,,,,,,,,,,,,,,,,,,,,,,,,,,,337.400,3.888E-13,-0.465,0.47
,,,,,,,,,,,,,,,,,,,,,,,,,,,,,,,,,,,,,,,,,,,,,,337.450,5.632E-13,-0.465,0.46
,,,,,,,,,,,,,,,,,,,,,,,,,,,,,,,,,,,,,,,,,,,,,,337.500,7.041E-13,-0.464,0.46
,,,,,,,,,,,,,,,,,,,,,,,,,,,,,,,,,,,,,,,,,,,,,,337.550,7.050E-13,-0.464,0.46
,,,,,,,,,,,,,,,,,,,,,,,,,,,,,,,,,,,,,,,,,,,,,,337.600,5.970E-13,-0.465,0.46
,,,,,,,,,,,,,,,,,,,,,,,,,,,,,,,,,,,,,,,,,,,,,,337.650,4.960E-13,-0.464,0.46
,,,,,,,,,,,,,,,,,,,,,,,,,,,,,,,,,,,,,,,,,,,,,,337.700,4.445E-13,-0.465,0.47
,,,,,,,,,,,,,,,,,,,,,,,,,,,,,,,,,,,,,,,,,,,,,,337.750,4.335E-13,-0.465,0.47
,,,,,,,,,,,,,,,,,,,,,,,,,,,,,,,,,,,,,,,,,,,,,,337.800,4.681E-13,-0.465,0.47
,,,,,,,,,,,,,,,,,,,,,,,,,,,,,,,,,,,,,,,,,,,,,,337.850,4.913E-13,-0.465,0.47
,,,,,,,,,,,,,,,,,,,,,,,,,,,,,,,,,,,,,,,,,,,,,,337.900,3.314E-13,-0.465,0.47
,,,,,,,,,,,,,,,,,,,,,,,,,,,,,,,,,,,,,,,,,,,,,,337.950,-1.007E-13,-0.465,0.46
,,,,,,,,,,,,,,,,,,,,,,,,,,,,,,,,,,,,,,,,,,,,,,338.000,-6.677E-13,-0.465,0.46
,,,,,,,,,,,,,,,,,,,,,,,,,,,,,,,,,,,,,,,,,,,,,,338.050,-1.150E-12,-0.465,0.47
,,,,,,,,,,,,,,,,,,,,,,,,,,,,,,,,,,,,,,,,,,,,,,338.100,-1.295E-12,-0.466,0.47
,,,,,,,,,,,,,,,,,,,,,,,,,,,,,,,,,,,,,,,,,,,,,,338.150,-1.118E-12,-0.464,0.46
,,,,,,,,,,,,,,,,,,,,,,,,,,,,,,,,,,,,,,,,,,,,,,338.200,-7.471E-13,-0.464,0.46
,,,,,,,,,,,,,,,,,,,,,,,,,,,,,,,,,,,,,,,,,,,,,,338.250,-2.997E-13,-0.464,0.46
,,,,,,,,,,,,,,,,,,,,,,,,,,,,,,,,,,,,,,,,,,,,,,338.300,1.104E-13,-0.464,0.46
,,,,,,,,,,,,,,,,,,,,,,,,,,,,,,,,,,,,,,,,,,,,,,338.350,3.333E-13,-0.465,0.46
,,,,,,,,,,,,,,,,,,,,,,,,,,,,,,,,,,,,,,,,,,,,,,338.400,1.957E-13,-0.465,0.46
,,,,,,,,,,,,,,,,,,,,,,,,,,,,,,,,,,,,,,,,,,,,,,338.450,-3.472E-13,-0.466,0.47
,,,,,,,,,,,,,,,,,,,,,,,,,,,,,,,,,,,,,,,,,,,,,,338.500,-1.094E-12,-0.466,0.47
,,,,,,,,,,,,,,,,,,,,,,,,,,,,,,,,,,,,,,,,,,,,,,338.550,-1.645E-12,-0.465,0.46
,,,,,,,,,,,,,,,,,,,,,,,,,,,,,,,,,,,,,,,,,,,,,,338.600,-1.822E-12,-0.465,0.47
,,,,,,,,,,,,,,,,,,,,,,,,,,,,,,,,,,,,,,,,,,,,,,338.650,-1.648E-12,-0.465,0.46
,,,,,,,,,,,,,,,,,,,,,,,,,,,,,,,,,,,,,,,,,,,,,,338.700,-1.251E-12,-0.464,0.46
,,,,,,,,,,,,,,,,,,,,,,,,,,,,,,,,,,,,,,,,,,,,,,338.750,-7.585E-13,-0.465,0.46
,,,,,,,,,,,,,,,,,,,,,,,,,,,,,,,,,,,,,,,,,,,,,,338.800,-2.722E-13,-0.464,0.46
,,,,,,,,,,,,,,,,,,,,,,,,,,,,,,,,,,,,,,,,,,,,,,338.850,1.240E-13,-0.465,0.46
,,,,,,,,,,,,,,,,,,,,,,,,,,,,,,,,,,,,,,,,,,,,,,338.900,3.787E-13,-0.465,0.46
,,,,,,,,,,,,,,,,,,,,,,,,,,,,,,,,,,,,,,,,,,,,,,338.950,3.865E-13,-0.465,0.46
,,,,,,,,,,,,,,,,,,,,,,,,,,,,,,,,,,,,,,,,,,,,,,339.000,1.641E-13,-0.466,0.47
,,,,,,,,,,,,,,,,,,,,,,,,,,,,,,,,,,,,,,,,,,,,,,339.050,-7.849E-14,-0.466,0.47
,,,,,,,,,,,,,,,,,,,,,,,,,,,,,,,,,,,,,,,,,,,,,,339.100,-1.675E-13,-0.464,0.46
,,,,,,,,,,,,,,,,,,,,,,,,,,,,,,,,,,,,,,,,,,,,,,339.150,-1.229E-13,-0.465,0.46
,,,,,,,,,,,,,,,,,,,,,,,,,,,,,,,,,,,,,,,,,,,,,,339.200,-5.273E-14,-0.464,0.46
,,,,,,,,,,,,,,,,,,,,,,,,,,,,,,,,,,,,,,,,,,,,,,339.250,-2.800E-13,-0.465,0.47
,,,,,,,,,,,,,,,,,,,,,,,,,,,,,,,,,,,,,,,,,,,,,,339.300,-9.958E-13,-0.466,0.47
,,,,,,,,,,,,,,,,,,,,,,,,,,,,,,,,,,,,,,,,,,,,,,339.350,-2.197E-12,-0.466,0.47
,,,,,,,,,,,,,,,,,,,,,,,,,,,,,,,,,,,,,,,,,,,,,,339.400,-3.603E-12,-0.466,0.47
,,,,,,,,,,,,,,,,,,,,,,,,,,,,,,,,,,,,,,,,,,,,,,339.450,-4.736E-12,-0.466,0.47
,,,,,,,,,,,,,,,,,,,,,,,,,,,,,,,,,,,,,,,,,,,,,,339.500,-5.414E-12,-0.467,0.47
,,,,,,,,,,,,,,,,,,,,,,,,,,,,,,,,,,,,,,,,,,,,,,339.550,-5.560E-12,-0.466,0.47
,,,,,,,,,,,,,,,,,,,,,,,,,,,,,,,,,,,,,,,,,,,,,,339.600,-5.260E-12,-0.465,0.46
,,,,,,,,,,,,,,,,,,,,,,,,,,,,,,,,,,,,,,,,,,,,,,339.650,-4.522E-12,-0.465,0.47
,,,,,,,,,,,,,,,,,,,,,,,,,,,,,,,,,,,,,,,,,,,,,,339.700,-3.285E-12,-0.465,0.46
,,,,,,,,,,,,,,,,,,,,,,,,,,,,,,,,,,,,,,,,,,,,,,339.750,-1.634E-12,-0.467,0.47
,,,,,,,,,,,,,,,,,,,,,,,,,,,,,,,,,,,,,,,,,,,,,,339.800,7.019E-14,-0.466,0.47
,,,,,,,,,,,,,,,,,,,,,,,,,,,,,,,,,,,,,,,,,,,,,,339.850,1.433E-12,-0.465,0.46
,,,,,,,,,,,,,,,,,,,,,,,,,,,,,,,,,,,,,,,,,,,,,,339.900,2.423E-12,-0.465,0.46
,,,,,,,,,,,,,,,,,,,,,,,,,,,,,,,,,,,,,,,,,,,,,,339.950,3.189E-12,-0.465,0.47
,,,,,,,,,,,,,,,,,,,,,,,,,,,,,,,,,,,,,,,,,,,,,,340.000,3.767E-12,-0.465,0.46
,,,,,,,,,,,,,,,,,,,,,,,,,,,,,,,,,,,,,,,,,,,,,,340.050,4.170E-12,-0.464,0.46
,,,,,,,,,,,,,,,,,,,,,,,,,,,,,,,,,,,,,,,,,,,,,,340.100,4.363E-12,-0.466,0.47
,,,,,,,,,,,,,,,,,,,,,,,,,,,,,,,,,,,,,,,,,,,,,,340.150,4.297E-12,-0.466,0.47
,,,,,,,,,,,,,,,,,,,,,,,,,,,,,,,,,,,,,,,,,,,,,,340.200,3.902E-12,-0.465,0.47
,,,,,,,,,,,,,,,,,,,,,,,,,,,,,,,,,,,,,,,,,,,,,,340.250,3.171E-12,-0.465,0.47
,,,,,,,,,,,,,,,,,,,,,,,,,,,,,,,,,,,,,,,,,,,,,,340.300,2.279E-12,-0.465,0.46
,,,,,,,,,,,,,,,,,,,,,,,,,,,,,,,,,,,,,,,,,,,,,,340.350,1.483E-12,-0.465,0.47
,,,,,,,,,,,,,,,,,,,,,,,,,,,,,,,,,,,,,,,,,,,,,,340.400,8.093E-13,-0.465,0.47
,,,,,,,,,,,,,,,,,,,,,,,,,,,,,,,,,,,,,,,,,,,,,,340.450,2.180E-13,-0.465,0.46
,,,,,,,,,,,,,,,,,,,,,,,,,,,,,,,,,,,,,,,,,,,,,,340.500,-2.460E-13,-0.465,0.46
,,,,,,,,,,,,,,,,,,,,,,,,,,,,,,,,,,,,,,,,,,,,,,340.550,-3.777E-13,-0.465,0.46
,,,,,,,,,,,,,,,,,,,,,,,,,,,,,,,,,,,,,,,,,,,,,,340.600,-1.178E-13,-0.465,0.46
,,,,,,,,,,,,,,,,,,,,,,,,,,,,,,,,,,,,,,,,,,,,,,340.650,4.133E-13,-0.465,0.47
,,,,,,,,,,,,,,,,,,,,,,,,,,,,,,,,,,,,,,,,,,,,,,340.700,1.108E-12,-0.465,0.46
,,,,,,,,,,,,,,,,,,,,,,,,,,,,,,,,,,,,,,,,,,,,,,340.750,1.730E-12,-0.465,0.47
,,,,,,,,,,,,,,,,,,,,,,,,,,,,,,,,,,,,,,,,,,,,,,340.800,2.218E-12,-0.464,0.46
,,,,,,,,,,,,,,,,,,,,,,,,,,,,,,,,,,,,,,,,,,,,,,340.850,2.521E-12,-0.466,0.47
,,,,,,,,,,,,,,,,,,,,,,,,,,,,,,,,,,,,,,,,,,,,,,340.900,2.637E-12,-0.465,0.47
,,,,,,,,,,,,,,,,,,,,,,,,,,,,,,,,,,,,,,,,,,,,,,340.950,2.609E-12,-0.465,0.47
,,,,,,,,,,,,,,,,,,,,,,,,,,,,,,,,,,,,,,,,,,,,,,341.000,2.444E-12,-0.464,0.46
,,,,,,,,,,,,,,,,,,,,,,,,,,,,,,,,,,,,,,,,,,,,,,341.050,2.180E-12,-0.465,0.47
,,,,,,,,,,,,,,,,,,,,,,,,,,,,,,,,,,,,,,,,,,,,,,341.100,1.835E-12,-0.466,0.47
,,,,,,,,,,,,,,,,,,,,,,,,,,,,,,,,,,,,,,,,,,,,,,341.150,1.373E-12,-0.465,0.46
,,,,,,,,,,,,,,,,,,,,,,,,,,,,,,,,,,,,,,,,,,,,,,341.200,6.705E-13,-0.465,0.47
,,,,,,,,,,,,,,,,,,,,,,,,,,,,,,,,,,,,,,,,,,,,,,341.250,-4.883E-15,-0.465,0.47
,,,,,,,,,,,,,,,,,,,,,,,,,,,,,,,,,,,,,,,,,,,,,,341.300,-4.111E-13,-0.465,0.46
,,,,,,,,,,,,,,,,,,,,,,,,,,,,,,,,,,,,,,,,,,,,,,341.350,-5.389E-13,-0.466,0.47
,,,,,,,,,,,,,,,,,,,,,,,,,,,,,,,,,,,,,,,,,,,,,,341.400,-3.823E-13,-0.465,0.46
,,,,,,,,,,,,,,,,,,,,,,,,,,,,,,,,,,,,,,,,,,,,,,341.450,-8.386E-14,-0.464,0.46
,,,,,,,,,,,,,,,,,,,,,,,,,,,,,,,,,,,,,,,,,,,,,,341.500,2.434E-13,-0.465,0.46
,,,,,,,,,,,,,,,,,,,,,,,,,,,,,,,,,,,,,,,,,,,,,,341.550,3.500E-13,-0.466,0.47
,,,,,,,,,,,,,,,,,,,,,,,,,,,,,,,,,,,,,,,,,,,,,,341.600,3.992E-14,-0.466,0.47
,,,,,,,,,,,,,,,,,,,,,,,,,,,,,,,,,,,,,,,,,,,,,,341.650,-9.760E-13,-0.464,0.46
,,,,,,,,,,,,,,,,,,,,,,,,,,,,,,,,,,,,,,,,,,,,,,341.700,-2.810E-12,-0.465,0.47
,,,,,,,,,,,,,,,,,,,,,,,,,,,,,,,,,,,,,,,,,,,,,,341.750,-5.417E-12,-0.466,0.47
,,,,,,,,,,,,,,,,,,,,,,,,,,,,,,,,,,,,,,,,,,,,,,341.800,-8.957E-12,-0.466,0.47
,,,,,,,,,,,,,,,,,,,,,,,,,,,,,,,,,,,,,,,,,,,,,,341.850,-1.372E-11,-0.466,0.47
,,,,,,,,,,,,,,,,,,,,,,,,,,,,,,,,,,,,,,,,,,,,,,341.900,-1.996E-11,-0.467,0.47
,,,,,,,,,,,,,,,,,,,,,,,,,,,,,,,,,,,,,,,,,,,,,,341.950,-2.768E-11,-0.465,0.46
,,,,,,,,,,,,,,,,,,,,,,,,,,,,,,,,,,,,,,,,,,,,,,342.000,-3.653E-11,-0.466,0.47
,,,,,,,,,,,,,,,,,,,,,,,,,,,,,,,,,,,,,,,,,,,,,,342.050,-4.574E-11,-0.465,0.47
,,,,,,,,,,,,,,,,,,,,,,,,,,,,,,,,,,,,,,,,,,,,,,342.100,-5.432E-11,-0.465,0.46
,,,,,,,,,,,,,,,,,,,,,,,,,,,,,,,,,,,,,,,,,,,,,,342.150,-6.166E-11,-0.464,0.46
,,,,,,,,,,,,,,,,,,,,,,,,,,,,,,,,,,,,,,,,,,,,,,342.200,-6.729E-11,-0.465,0.46
,,,,,,,,,,,,,,,,,,,,,,,,,,,,,,,,,,,,,,,,,,,,,,342.250,-7.145E-11,-0.465,0.47
,,,,,,,,,,,,,,,,,,,,,,,,,,,,,,,,,,,,,,,,,,,,,,342.300,-7.395E-11,-0.465,0.47
,,,,,,,,,,,,,,,,,,,,,,,,,,,,,,,,,,,,,,,,,,,,,,342.350,-7.495E-11,-0.466,0.47
,,,,,,,,,,,,,,,,,,,,,,,,,,,,,,,,,,,,,,,,,,,,,,342.400,-7.461E-11,-0.465,0.47
,,,,,,,,,,,,,,,,,,,,,,,,,,,,,,,,,,,,,,,,,,,,,,342.450,-7.300E-11,-0.464,0.46
,,,,,,,,,,,,,,,,,,,,,,,,,,,,,,,,,,,,,,,,,,,,,,342.500,-7.033E-11,-0.466,0.47
,,,,,,,,,,,,,,,,,,,,,,,,,,,,,,,,,,,,,,,,,,,,,,342.550,-6.680E-11,-0.465,0.47
,,,,,,,,,,,,,,,,,,,,,,,,,,,,,,,,,,,,,,,,,,,,,,342.600,-6.287E-11,-0.465,0.47
,,,,,,,,,,,,,,,,,,,,,,,,,,,,,,,,,,,,,,,,,,,,,,342.650,-5.841E-11,-0.465,0.46
,,,,,,,,,,,,,,,,,,,,,,,,,,,,,,,,,,,,,,,,,,,,,,342.700,-5.321E-11,-0.466,0.47
,,,,,,,,,,,,,,,,,,,,,,,,,,,,,,,,,,,,,,,,,,,,,,342.750,-4.711E-11,-0.466,0.47
,,,,,,,,,,,,,,,,,,,,,,,,,,,,,,,,,,,,,,,,,,,,,,342.800,-4.044E-11,-0.465,0.47
,,,,,,,,,,,,,,,,,,,,,,,,,,,,,,,,,,,,,,,,,,,,,,342.850,-3.338E-11,-0.465,0.47
,,,,,,,,,,,,,,,,,,,,,,,,,,,,,,,,,,,,,,,,,,,,,,342.900,-2.629E-11,-0.465,0.46
,,,,,,,,,,,,,,,,,,,,,,,,,,,,,,,,,,,,,,,,,,,,,,342.950,-1.960E-11,-0.464,0.46
,,,,,,,,,,,,,,,,,,,,,,,,,,,,,,,,,,,,,,,,,,,,,,343.000,-1.376E-11,-0.465,0.47
,,,,,,,,,,,,,,,,,,,,,,,,,,,,,,,,,,,,,,,,,,,,,,343.050,-9.077E-12,-0.466,0.47
,,,,,,,,,,,,,,,,,,,,,,,,,,,,,,,,,,,,,,,,,,,,,,343.100,-5.584E-12,-0.464,0.46
,,,,,,,,,,,,,,,,,,,,,,,,,,,,,,,,,,,,,,,,,,,,,,343.150,-3.339E-12,-0.465,0.47
,,,,,,,,,,,,,,,,,,,,,,,,,,,,,,,,,,,,,,,,,,,,,,343.200,-2.121E-12,-0.465,0.47
,,,,,,,,,,,,,,,,,,,,,,,,,,,,,,,,,,,,,,,,,,,,,,343.250,-1.693E-12,-0.465,0.46
,,,,,,,,,,,,,,,,,,,,,,,,,,,,,,,,,,,,,,,,,,,,,,343.300,-1.721E-12,-0.466,0.47
,,,,,,,,,,,,,,,,,,,,,,,,,,,,,,,,,,,,,,,,,,,,,,343.350,-1.840E-12,-0.466,0.47
,,,,,,,,,,,,,,,,,,,,,,,,,,,,,,,,,,,,,,,,,,,,,,343.400,-1.811E-12,-0.464,0.46
,,,,,,,,,,,,,,,,,,,,,,,,,,,,,,,,,,,,,,,,,,,,,,343.450,-1.672E-12,-0.466,0.47
,,,,,,,,,,,,,,,,,,,,,,,,,,,,,,,,,,,,,,,,,,,,,,343.500,-1.620E-12,-0.465,0.46
,,,,,,,,,,,,,,,,,,,,,,,,,,,,,,,,,,,,,,,,,,,,,,343.550,-1.605E-12,-0.465,0.47
,,,,,,,,,,,,,,,,,,,,,,,,,,,,,,,,,,,,,,,,,,,,,,343.600,-1.468E-12,-0.466,0.47
,,,,,,,,,,,,,,,,,,,,,,,,,,,,,,,,,,,,,,,,,,,,,,343.650,-1.344E-12,-0.465,0.46
,,,,,,,,,,,,,,,,,,,,,,,,,,,,,,,,,,,,,,,,,,,,,,343.700,-1.396E-12,-0.464,0.46
,,,,,,,,,,,,,,,,,,,,,,,,,,,,,,,,,,,,,,,,,,,,,,343.750,-1.598E-12,-0.466,0.47
,,,,,,,,,,,,,,,,,,,,,,,,,,,,,,,,,,,,,,,,,,,,,,343.800,-1.821E-12,-0.464,0.46
,,,,,,,,,,,,,,,,,,,,,,,,,,,,,,,,,,,,,,,,,,,,,,343.850,-1.890E-12,-0.465,0.47
,,,,,,,,,,,,,,,,,,,,,,,,,,,,,,,,,,,,,,,,,,,,,,343.900,-1.702E-12,-0.465,0.47
,,,,,,,,,,,,,,,,,,,,,,,,,,,,,,,,,,,,,,,,,,,,,,343.950,-1.167E-12,-0.465,0.46
,,,,,,,,,,,,,,,,,,,,,,,,,,,,,,,,,,,,,,,,,,,,,,344.000,-6.144E-13,-0.465,0.46
,,,,,,,,,,,,,,,,,,,,,,,,,,,,,,,,,,,,,,,,,,,,,,344.050,-3.345E-13,-0.464,0.46
,,,,,,,,,,,,,,,,,,,,,,,,,,,,,,,,,,,,,,,,,,,,,,344.100,-1.818E-13,-0.465,0.47
,,,,,,,,,,,,,,,,,,,,,,,,,,,,,,,,,,,,,,,,,,,,,,344.150,-4.932E-14,-0.466,0.47
,,,,,,,,,,,,,,,,,,,,,,,,,,,,,,,,,,,,,,,,,,,,,,344.200,-1.744E-13,-0.465,0.46
,,,,,,,,,,,,,,,,,,,,,,,,,,,,,,,,,,,,,,,,,,,,,,344.250,-3.324E-13,-0.465,0.47
,,,,,,,,,,,,,,,,,,,,,,,,,,,,,,,,,,,,,,,,,,,,,,344.300,-4.666E-13,-0.466,0.47
,,,,,,,,,,,,,,,,,,,,,,,,,,,,,,,,,,,,,,,,,,,,,,344.350,-5.056E-13,-0.465,0.47
,,,,,,,,,,,,,,,,,,,,,,,,,,,,,,,,,,,,,,,,,,,,,,344.400,-4.939E-13,-0.465,0.47
,,,,,,,,,,,,,,,,,,,,,,,,,,,,,,,,,,,,,,,,,,,,,,344.450,-4.056E-13,-0.467,0.47
,,,,,,,,,,,,,,,,,,,,,,,,,,,,,,,,,,,,,,,,,,,,,,344.500,-2.375E-13,-0.466,0.47
,,,,,,,,,,,,,,,,,,,,,,,,,,,,,,,,,,,,,,,,,,,,,,344.550,-2.295E-14,-0.465,0.47
,,,,,,,,,,,,,,,,,,,,,,,,,,,,,,,,,,,,,,,,,,,,,,344.600,2.131E-13,-0.465,0.46
,,,,,,,,,,,,,,,,,,,,,,,,,,,,,,,,,,,,,,,,,,,,,,344.650,4.260E-13,-0.466,0.47
,,,,,,,,,,,,,,,,,,,,,,,,,,,,,,,,,,,,,,,,,,,,,,344.700,6.400E-13,-0.464,0.46
,,,,,,,,,,,,,,,,,,,,,,,,,,,,,,,,,,,,,,,,,,,,,,344.750,7.739E-13,-0.465,0.47
,,,,,,,,,,,,,,,,,,,,,,,,,,,,,,,,,,,,,,,,,,,,,,344.800,8.773E-13,-0.465,0.46
,,,,,,,,,,,,,,,,,,,,,,,,,,,,,,,,,,,,,,,,,,,,,,344.850,9.441E-13,-0.465,0.47
,,,,,,,,,,,,,,,,,,,,,,,,,,,,,,,,,,,,,,,,,,,,,,344.900,9.729E-13,-0.465,0.47
,,,,,,,,,,,,,,,,,,,,,,,,,,,,,,,,,,,,,,,,,,,,,,344.950,9.669E-13,-0.465,0.47
,,,,,,,,,,,,,,,,,,,,,,,,,,,,,,,,,,,,,,,,,,,,,,345.000,9.321E-13,-0.465,0.47
,,,,,,,,,,,,,,,,,,,,,,,,,,,,,,,,,,,,,,,,,,,,,,345.050,8.771E-13,-0.465,0.47
,,,,,,,,,,,,,,,,,,,,,,,,,,,,,,,,,,,,,,,,,,,,,,345.100,8.319E-13,-0.465,0.47
,,,,,,,,,,,,,,,,,,,,,,,,,,,,,,,,,,,,,,,,,,,,,,345.150,7.711E-13,-0.467,0.47
,,,,,,,,,,,,,,,,,,,,,,,,,,,,,,,,,,,,,,,,,,,,,,345.200,7.306E-13,-0.465,0.47
,,,,,,,,,,,,,,,,,,,,,,,,,,,,,,,,,,,,,,,,,,,,,,345.250,7.021E-13,-0.466,0.47
,,,,,,,,,,,,,,,,,,,,,,,,,,,,,,,,,,,,,,,,,,,,,,345.300,6.740E-13,-0.465,0.46
,,,,,,,,,,,,,,,,,,,,,,,,,,,,,,,,,,,,,,,,,,,,,,345.350,6.565E-13,-0.464,0.46
,,,,,,,,,,,,,,,,,,,,,,,,,,,,,,,,,,,,,,,,,,,,,,345.400,6.367E-13,-0.465,0.47
,,,,,,,,,,,,,,,,,,,,,,,,,,,,,,,,,,,,,,,,,,,,,,345.450,6.188E-13,-0.466,0.47
,,,,,,,,,,,,,,,,,,,,,,,,,,,,,,,,,,,,,,,,,,,,,,345.500,6.185E-13,-0.465,0.46
,,,,,,,,,,,,,,,,,,,,,,,,,,,,,,,,,,,,,,,,,,,,,,345.550,5.953E-13,-0.465,0.47
,,,,,,,,,,,,,,,,,,,,,,,,,,,,,,,,,,,,,,,,,,,,,,345.600,5.743E-13,-0.465,0.47
,,,,,,,,,,,,,,,,,,,,,,,,,,,,,,,,,,,,,,,,,,,,,,345.650,5.677E-13,-0.465,0.47
,,,,,,,,,,,,,,,,,,,,,,,,,,,,,,,,,,,,,,,,,,,,,,345.700,5.491E-13,-0.464,0.46
,,,,,,,,,,,,,,,,,,,,,,,,,,,,,,,,,,,,,,,,,,,,,,345.750,5.288E-13,-0.465,0.47
,,,,,,,,,,,,,,,,,,,,,,,,,,,,,,,,,,,,,,,,,,,,,,345.800,5.100E-13,-0.465,0.46
,,,,,,,,,,,,,,,,,,,,,,,,,,,,,,,,,,,,,,,,,,,,,,345.850,4.937E-13,-0.465,0.46
,,,,,,,,,,,,,,,,,,,,,,,,,,,,,,,,,,,,,,,,,,,,,,345.900,4.750E-13,-0.465,0.47
,,,,,,,,,,,,,,,,,,,,,,,,,,,,,,,,,,,,,,,,,,,,,,345.950,4.518E-13,-0.465,0.47
,,,,,,,,,,,,,,,,,,,,,,,,,,,,,,,,,,,,,,,,,,,,,,346.000,4.464E-13,-0.465,0.47
,,,,,,,,,,,,,,,,,,,,,,,,,,,,,,,,,,,,,,,,,,,,,,346.050,4.236E-13,-0.465,0.47
,,,,,,,,,,,,,,,,,,,,,,,,,,,,,,,,,,,,,,,,,,,,,,346.100,4.139E-13,-0.466,0.47
,,,,,,,,,,,,,,,,,,,,,,,,,,,,,,,,,,,,,,,,,,,,,,346.150,4.021E-13,-0.465,0.47
,,,,,,,,,,,,,,,,,,,,,,,,,,,,,,,,,,,,,,,,,,,,,,346.200,3.866E-13,-0.465,0.47
,,,,,,,,,,,,,,,,,,,,,,,,,,,,,,,,,,,,,,,,,,,,,,346.250,3.604E-13,-0.466,0.47
,,,,,,,,,,,,,,,,,,,,,,,,,,,,,,,,,,,,,,,,,,,,,,346.300,3.555E-13,-0.464,0.46
,,,,,,,,,,,,,,,,,,,,,,,,,,,,,,,,,,,,,,,,,,,,,,346.350,3.237E-13,-0.466,0.47
,,,,,,,,,,,,,,,,,,,,,,,,,,,,,,,,,,,,,,,,,,,,,,346.400,3.245E-13,-0.465,0.47
,,,,,,,,,,,,,,,,,,,,,,,,,,,,,,,,,,,,,,,,,,,,,,346.450,2.944E-13,-0.466,0.47
,,,,,,,,,,,,,,,,,,,,,,,,,,,,,,,,,,,,,,,,,,,,,,346.500,2.881E-13,-0.464,0.46
,,,,,,,,,,,,,,,,,,,,,,,,,,,,,,,,,,,,,,,,,,,,,,346.550,2.566E-13,-0.465,0.47
,,,,,,,,,,,,,,,,,,,,,,,,,,,,,,,,,,,,,,,,,,,,,,346.600,2.424E-13,-0.466,0.47
,,,,,,,,,,,,,,,,,,,,,,,,,,,,,,,,,,,,,,,,,,,,,,346.650,2.250E-13,-0.465,0.46
,,,,,,,,,,,,,,,,,,,,,,,,,,,,,,,,,,,,,,,,,,,,,,346.700,2.086E-13,-0.465,0.47
,,,,,,,,,,,,,,,,,,,,,,,,,,,,,,,,,,,,,,,,,,,,,,346.750,2.089E-13,-0.465,0.47
,,,,,,,,,,,,,,,,,,,,,,,,,,,,,,,,,,,,,,,,,,,,,,346.800,2.325E-13,-0.465,0.46
,,,,,,,,,,,,,,,,,,,,,,,,,,,,,,,,,,,,,,,,,,,,,,346.850,2.709E-13,-0.466,0.47
,,,,,,,,,,,,,,,,,,,,,,,,,,,,,,,,,,,,,,,,,,,,,,346.900,3.062E-13,-0.465,0.46
,,,,,,,,,,,,,,,,,,,,,,,,,,,,,,,,,,,,,,,,,,,,,,346.950,3.556E-13,-0.464,0.46
,,,,,,,,,,,,,,,,,,,,,,,,,,,,,,,,,,,,,,,,,,,,,,347.000,3.757E-13,-0.467,0.47
,,,,,,,,,,,,,,,,,,,,,,,,,,,,,,,,,,,,,,,,,,,,,,347.050,4.103E-13,-0.465,0.47
,,,,,,,,,,,,,,,,,,,,,,,,,,,,,,,,,,,,,,,,,,,,,,347.100,4.235E-13,-0.465,0.47
,,,,,,,,,,,,,,,,,,,,,,,,,,,,,,,,,,,,,,,,,,,,,,347.150,4.536E-13,-0.466,0.47
,,,,,,,,,,,,,,,,,,,,,,,,,,,,,,,,,,,,,,,,,,,,,,347.200,4.509E-13,-0.465,0.47
,,,,,,,,,,,,,,,,,,,,,,,,,,,,,,,,,,,,,,,,,,,,,,347.250,4.380E-13,-0.466,0.47
,,,,,,,,,,,,,,,,,,,,,,,,,,,,,,,,,,,,,,,,,,,,,,347.300,4.452E-13,-0.466,0.47
,,,,,,,,,,,,,,,,,,,,,,,,,,,,,,,,,,,,,,,,,,,,,,347.350,4.639E-13,-0.465,0.47
,,,,,,,,,,,,,,,,,,,,,,,,,,,,,,,,,,,,,,,,,,,,,,347.400,4.777E-13,-0.465,0.46
,,,,,,,,,,,,,,,,,,,,,,,,,,,,,,,,,,,,,,,,,,,,,,347.450,4.944E-13,-0.465,0.47
,,,,,,,,,,,,,,,,,,,,,,,,,,,,,,,,,,,,,,,,,,,,,,347.500,5.071E-13,-0.464,0.46
,,,,,,,,,,,,,,,,,,,,,,,,,,,,,,,,,,,,,,,,,,,,,,347.550,5.045E-13,-0.466,0.47
,,,,,,,,,,,,,,,,,,,,,,,,,,,,,,,,,,,,,,,,,,,,,,347.600,5.085E-13,-0.467,0.47
,,,,,,,,,,,,,,,,,,,,,,,,,,,,,,,,,,,,,,,,,,,,,,347.650,5.139E-13,-0.465,0.46
,,,,,,,,,,,,,,,,,,,,,,,,,,,,,,,,,,,,,,,,,,,,,,347.700,4.954E-13,-0.466,0.47
,,,,,,,,,,,,,,,,,,,,,,,,,,,,,,,,,,,,,,,,,,,,,,347.750,4.838E-13,-0.466,0.47
,,,,,,,,,,,,,,,,,,,,,,,,,,,,,,,,,,,,,,,,,,,,,,347.800,4.578E-13,-0.466,0.47
,,,,,,,,,,,,,,,,,,,,,,,,,,,,,,,,,,,,,,,,,,,,,,347.850,4.426E-13,-0.466,0.47
,,,,,,,,,,,,,,,,,,,,,,,,,,,,,,,,,,,,,,,,,,,,,,347.900,4.219E-13,-0.466,0.47
,,,,,,,,,,,,,,,,,,,,,,,,,,,,,,,,,,,,,,,,,,,,,,347.950,3.978E-13,-0.465,0.46
,,,,,,,,,,,,,,,,,,,,,,,,,,,,,,,,,,,,,,,,,,,,,,348.000,3.590E-13,-0.466,0.47
,,,,,,,,,,,,,,,,,,,,,,,,,,,,,,,,,,,,,,,,,,,,,,348.050,3.319E-13,-0.465,0.47
,,,,,,,,,,,,,,,,,,,,,,,,,,,,,,,,,,,,,,,,,,,,,,348.100,2.971E-13,-0.465,0.47
,,,,,,,,,,,,,,,,,,,,,,,,,,,,,,,,,,,,,,,,,,,,,,348.150,2.557E-13,-0.466,0.47
,,,,,,,,,,,,,,,,,,,,,,,,,,,,,,,,,,,,,,,,,,,,,,348.200,2.371E-13,-0.466,0.47
,,,,,,,,,,,,,,,,,,,,,,,,,,,,,,,,,,,,,,,,,,,,,,348.250,2.163E-13,-0.466,0.47
,,,,,,,,,,,,,,,,,,,,,,,,,,,,,,,,,,,,,,,,,,,,,,348.300,2.069E-13,-0.465,0.46
,,,,,,,,,,,,,,,,,,,,,,,,,,,,,,,,,,,,,,,,,,,,,,348.350,2.091E-13,-0.464,0.46
,,,,,,,,,,,,,,,,,,,,,,,,,,,,,,,,,,,,,,,,,,,,,,348.400,1.943E-13,-0.465,0.46
,,,,,,,,,,,,,,,,,,,,,,,,,,,,,,,,,,,,,,,,,,,,,,348.450,2.094E-13,-0.465,0.46
,,,,,,,,,,,,,,,,,,,,,,,,,,,,,,,,,,,,,,,,,,,,,,348.500,2.169E-13,-0.465,0.47
,,,,,,,,,,,,,,,,,,,,,,,,,,,,,,,,,,,,,,,,,,,,,,348.550,2.285E-13,-0.464,0.46
,,,,,,,,,,,,,,,,,,,,,,,,,,,,,,,,,,,,,,,,,,,,,,348.600,2.502E-13,-0.464,0.46
,,,,,,,,,,,,,,,,,,,,,,,,,,,,,,,,,,,,,,,,,,,,,,348.650,2.703E-13,-0.464,0.46
,,,,,,,,,,,,,,,,,,,,,,,,,,,,,,,,,,,,,,,,,,,,,,348.700,2.787E-13,-0.464,0.46
,,,,,,,,,,,,,,,,,,,,,,,,,,,,,,,,,,,,,,,,,,,,,,348.750,2.559E-13,-0.466,0.47
,,,,,,,,,,,,,,,,,,,,,,,,,,,,,,,,,,,,,,,,,,,,,,348.800,2.588E-13,-0.465,0.46
,,,,,,,,,,,,,,,,,,,,,,,,,,,,,,,,,,,,,,,,,,,,,,348.850,2.378E-13,-0.464,0.46
,,,,,,,,,,,,,,,,,,,,,,,,,,,,,,,,,,,,,,,,,,,,,,348.900,2.275E-13,-0.465,0.47
,,,,,,,,,,,,,,,,,,,,,,,,,,,,,,,,,,,,,,,,,,,,,,348.950,2.078E-13,-0.465,0.47
,,,,,,,,,,,,,,,,,,,,,,,,,,,,,,,,,,,,,,,,,,,,,,349.000,1.973E-13,-0.465,0.46
,,,,,,,,,,,,,,,,,,,,,,,,,,,,,,,,,,,,,,,,,,,,,,349.050,1.752E-13,-0.466,0.47
,,,,,,,,,,,,,,,,,,,,,,,,,,,,,,,,,,,,,,,,,,,,,,349.100,2.002E-13,-0.464,0.46
,,,,,,,,,,,,,,,,,,,,,,,,,,,,,,,,,,,,,,,,,,,,,,349.150,1.968E-13,-0.466,0.47
,,,,,,,,,,,,,,,,,,,,,,,,,,,,,,,,,,,,,,,,,,,,,,349.200,2.275E-13,-0.464,0.46
,,,,,,,,,,,,,,,,,,,,,,,,,,,,,,,,,,,,,,,,,,,,,,349.250,2.383E-13,-0.466,0.47
,,,,,,,,,,,,,,,,,,,,,,,,,,,,,,,,,,,,,,,,,,,,,,349.300,2.482E-13,-0.466,0.47
,,,,,,,,,,,,,,,,,,,,,,,,,,,,,,,,,,,,,,,,,,,,,,349.350,2.739E-13,-0.465,0.46
,,,,,,,,,,,,,,,,,,,,,,,,,,,,,,,,,,,,,,,,,,,,,,349.400,2.709E-13,-0.465,0.47
,,,,,,,,,,,,,,,,,,,,,,,,,,,,,,,,,,,,,,,,,,,,,,349.450,2.582E-13,-0.466,0.47
,,,,,,,,,,,,,,,,,,,,,,,,,,,,,,,,,,,,,,,,,,,,,,349.500,2.380E-13,-0.465,0.47
,,,,,,,,,,,,,,,,,,,,,,,,,,,,,,,,,,,,,,,,,,,,,,349.550,2.130E-13,-0.466,0.47
,,,,,,,,,,,,,,,,,,,,,,,,,,,,,,,,,,,,,,,,,,,,,,349.600,1.862E-13,-0.466,0.47
,,,,,,,,,,,,,,,,,,,,,,,,,,,,,,,,,,,,,,,,,,,,,,349.650,1.820E-13,-0.465,0.47
,,,,,,,,,,,,,,,,,,,,,,,,,,,,,,,,,,,,,,,,,,,,,,349.700,1.765E-13,-0.466,0.47
,,,,,,,,,,,,,,,,,,,,,,,,,,,,,,,,,,,,,,,,,,,,,,349.750,1.840E-13,-0.467,0.47
,,,,,,,,,,,,,,,,,,,,,,,,,,,,,,,,,,,,,,,,,,,,,,349.800,2.031E-13,-0.465,0.47
,,,,,,,,,,,,,,,,,,,,,,,,,,,,,,,,,,,,,,,,,,,,,,349.850,2.327E-13,-0.465,0.47
,,,,,,,,,,,,,,,,,,,,,,,,,,,,,,,,,,,,,,,,,,,,,,349.900,2.513E-13,-0.465,0.46
,,,,,,,,,,,,,,,,,,,,,,,,,,,,,,,,,,,,,,,,,,,,,,349.950,2.482E-13,-0.465,0.46
,,,,,,,,,,,,,,,,,,,,,,,,,,,,,,,,,,,,,,,,,,,,,,350.000,2.367E-13,-0.464,0.46
,,,,,,,,,,,,,,,,,,,,,,,,,,,,,,,,,,,,,,,,,,,,,,350.050,1.907E-13,-0.465,0.47
,,,,,,,,,,,,,,,,,,,,,,,,,,,,,,,,,,,,,,,,,,,,,,350.100,1.172E-13,-0.465,0.47
,,,,,,,,,,,,,,,,,,,,,,,,,,,,,,,,,,,,,,,,,,,,,,350.150,-1.196E-14,-0.465,0.47
,,,,,,,,,,,,,,,,,,,,,,,,,,,,,,,,,,,,,,,,,,,,,,350.200,-2.104E-13,-0.465,0.46
,,,,,,,,,,,,,,,,,,,,,,,,,,,,,,,,,,,,,,,,,,,,,,350.250,-3.910E-13,-0.465,0.47
,,,,,,,,,,,,,,,,,,,,,,,,,,,,,,,,,,,,,,,,,,,,,,350.300,-4.968E-13,-0.465,0.47
,,,,,,,,,,,,,,,,,,,,,,,,,,,,,,,,,,,,,,,,,,,,,,350.350,-5.358E-13,-0.465,0.47
,,,,,,,,,,,,,,,,,,,,,,,,,,,,,,,,,,,,,,,,,,,,,,350.400,-5.098E-13,-0.466,0.47
,,,,,,,,,,,,,,,,,,,,,,,,,,,,,,,,,,,,,,,,,,,,,,350.450,-4.392E-13,-0.465,0.47
,,,,,,,,,,,,,,,,,,,,,,,,,,,,,,,,,,,,,,,,,,,,,,350.500,-3.303E-13,-0.465,0.46
,,,,,,,,,,,,,,,,,,,,,,,,,,,,,,,,,,,,,,,,,,,,,,350.550,-2.222E-13,-0.465,0.46
,,,,,,,,,,,,,,,,,,,,,,,,,,,,,,,,,,,,,,,,,,,,,,350.600,-1.112E-13,-0.465,0.46
,,,,,,,,,,,,,,,,,,,,,,,,,,,,,,,,,,,,,,,,,,,,,,350.650,-4.541E-14,-0.466,0.47
,,,,,,,,,,,,,,,,,,,,,,,,,,,,,,,,,,,,,,,,,,,,,,350.700,5.994E-14,-0.464,0.46
,,,,,,,,,,,,,,,,,,,,,,,,,,,,,,,,,,,,,,,,,,,,,,350.750,1.003E-13,-0.465,0.46
,,,,,,,,,,,,,,,,,,,,,,,,,,,,,,,,,,,,,,,,,,,,,,350.800,1.168E-13,-0.465,0.47
,,,,,,,,,,,,,,,,,,,,,,,,,,,,,,,,,,,,,,,,,,,,,,350.850,1.442E-13,-0.466,0.47
,,,,,,,,,,,,,,,,,,,,,,,,,,,,,,,,,,,,,,,,,,,,,,350.900,1.859E-13,-0.464,0.46
,,,,,,,,,,,,,,,,,,,,,,,,,,,,,,,,,,,,,,,,,,,,,,350.950,2.053E-13,-0.464,0.46
,,,,,,,,,,,,,,,,,,,,,,,,,,,,,,,,,,,,,,,,,,,,,,351.000,2.211E-13,-0.463,0.46
,,,,,,,,,,,,,,,,,,,,,,,,,,,,,,,,,,,,,,,,,,,,,,351.050,2.139E-13,-0.465,0.46
,,,,,,,,,,,,,,,,,,,,,,,,,,,,,,,,,,,,,,,,,,,,,,351.100,9.851E-14,-0.464,0.46
,,,,,,,,,,,,,,,,,,,,,,,,,,,,,,,,,,,,,,,,,,,,,,351.150,-1.233E-13,-0.465,0.47
,,,,,,,,,,,,,,,,,,,,,,,,,,,,,,,,,,,,,,,,,,,,,,351.200,-1.302E-13,-0.465,0.47
,,,,,,,,,,,,,,,,,,,,,,,,,,,,,,,,,,,,,,,,,,,,,,351.250,9.863E-14,-0.465,0.46
,,,,,,,,,,,,,,,,,,,,,,,,,,,,,,,,,,,,,,,,,,,,,,351.300,4.731E-13,-0.465,0.47
,,,,,,,,,,,,,,,,,,,,,,,,,,,,,,,,,,,,,,,,,,,,,,351.350,5.382E-13,-0.464,0.46
,,,,,,,,,,,,,,,,,,,,,,,,,,,,,,,,,,,,,,,,,,,,,,351.400,2.792E-13,-0.465,0.47
,,,,,,,,,,,,,,,,,,,,,,,,,,,,,,,,,,,,,,,,,,,,,,351.450,-1.307E-13,-0.465,0.47
,,,,,,,,,,,,,,,,,,,,,,,,,,,,,,,,,,,,,,,,,,,,,,351.500,-4.449E-13,-0.465,0.46
,,,,,,,,,,,,,,,,,,,,,,,,,,,,,,,,,,,,,,,,,,,,,,351.550,-5.342E-13,-0.465,0.47
,,,,,,,,,,,,,,,,,,,,,,,,,,,,,,,,,,,,,,,,,,,,,,351.600,-5.560E-13,-0.466,0.47
,,,,,,,,,,,,,,,,,,,,,,,,,,,,,,,,,,,,,,,,,,,,,,351.650,-5.222E-13,-0.466,0.47
,,,,,,,,,,,,,,,,,,,,,,,,,,,,,,,,,,,,,,,,,,,,,,351.700,-4.290E-13,-0.466,0.47
,,,,,,,,,,,,,,,,,,,,,,,,,,,,,,,,,,,,,,,,,,,,,,351.750,-2.932E-13,-0.465,0.46
,,,,,,,,,,,,,,,,,,,,,,,,,,,,,,,,,,,,,,,,,,,,,,351.800,-1.818E-13,-0.465,0.46
,,,,,,,,,,,,,,,,,,,,,,,,,,,,,,,,,,,,,,,,,,,,,,351.850,-7.727E-14,-0.465,0.47
,,,,,,,,,,,,,,,,,,,,,,,,,,,,,,,,,,,,,,,,,,,,,,351.900,3.906E-14,-0.464,0.46
,,,,,,,,,,,,,,,,,,,,,,,,,,,,,,,,,,,,,,,,,,,,,,351.950,1.360E-13,-0.464,0.46
,,,,,,,,,,,,,,,,,,,,,,,,,,,,,,,,,,,,,,,,,,,,,,352.000,2.196E-13,-0.465,0.47
,,,,,,,,,,,,,,,,,,,,,,,,,,,,,,,,,,,,,,,,,,,,,,352.050,3.121E-13,-0.463,0.46
,,,,,,,,,,,,,,,,,,,,,,,,,,,,,,,,,,,,,,,,,,,,,,352.100,3.752E-13,-0.463,0.46
,,,,,,,,,,,,,,,,,,,,,,,,,,,,,,,,,,,,,,,,,,,,,,352.150,4.290E-13,-0.465,0.46
,,,,,,,,,,,,,,,,,,,,,,,,,,,,,,,,,,,,,,,,,,,,,,352.200,4.873E-13,-0.465,0.46
,,,,,,,,,,,,,,,,,,,,,,,,,,,,,,,,,,,,,,,,,,,,,,352.250,6.176E-13,-0.465,0.46
,,,,,,,,,,,,,,,,,,,,,,,,,,,,,,,,,,,,,,,,,,,,,,352.300,6.980E-13,-0.465,0.46
,,,,,,,,,,,,,,,,,,,,,,,,,,,,,,,,,,,,,,,,,,,,,,352.350,4.891E-13,-0.464,0.46
,,,,,,,,,,,,,,,,,,,,,,,,,,,,,,,,,,,,,,,,,,,,,,352.400,5.981E-14,-0.465,0.47
,,,,,,,,,,,,,,,,,,,,,,,,,,,,,,,,,,,,,,,,,,,,,,352.450,-3.829E-13,-0.464,0.46
,,,,,,,,,,,,,,,,,,,,,,,,,,,,,,,,,,,,,,,,,,,,,,352.500,-7.659E-13,-0.465,0.46
,,,,,,,,,,,,,,,,,,,,,,,,,,,,,,,,,,,,,,,,,,,,,,352.550,-1.110E-12,-0.465,0.47
,,,,,,,,,,,,,,,,,,,,,,,,,,,,,,,,,,,,,,,,,,,,,,352.600,-1.391E-12,-0.465,0.47
,,,,,,,,,,,,,,,,,,,,,,,,,,,,,,,,,,,,,,,,,,,,,,352.650,-1.225E-12,-0.465,0.46
,,,,,,,,,,,,,,,,,,,,,,,,,,,,,,,,,,,,,,,,,,,,,,352.700,-7.667E-13,-0.466,0.47
,,,,,,,,,,,,,,,,,,,,,,,,,,,,,,,,,,,,,,,,,,,,,,352.750,-2.843E-13,-0.465,0.46
,,,,,,,,,,,,,,,,,,,,,,,,,,,,,,,,,,,,,,,,,,,,,,352.800,6.396E-14,-0.465,0.47
,,,,,,,,,,,,,,,,,,,,,,,,,,,,,,,,,,,,,,,,,,,,,,352.850,2.283E-13,-0.467,0.47
,,,,,,,,,,,,,,,,,,,,,,,,,,,,,,,,,,,,,,,,,,,,,,352.900,3.204E-13,-0.465,0.46
,,,,,,,,,,,,,,,,,,,,,,,,,,,,,,,,,,,,,,,,,,,,,,352.950,3.870E-13,-0.465,0.46
,,,,,,,,,,,,,,,,,,,,,,,,,,,,,,,,,,,,,,,,,,,,,,353.000,4.404E-13,-0.466,0.47
,,,,,,,,,,,,,,,,,,,,,,,,,,,,,,,,,,,,,,,,,,,,,,353.050,5.140E-13,-0.465,0.46
,,,,,,,,,,,,,,,,,,,,,,,,,,,,,,,,,,,,,,,,,,,,,,353.100,5.940E-13,-0.465,0.47
,,,,,,,,,,,,,,,,,,,,,,,,,,,,,,,,,,,,,,,,,,,,,,353.150,6.509E-13,-0.465,0.46
,,,,,,,,,,,,,,,,,,,,,,,,,,,,,,,,,,,,,,,,,,,,,,353.200,6.782E-13,-0.465,0.46
,,,,,,,,,,,,,,,,,,,,,,,,,,,,,,,,,,,,,,,,,,,,,,353.250,6.940E-13,-0.465,0.46
,,,,,,,,,,,,,,,,,,,,,,,,,,,,,,,,,,,,,,,,,,,,,,353.300,7.247E-13,-0.464,0.46
,,,,,,,,,,,,,,,,,,,,,,,,,,,,,,,,,,,,,,,,,,,,,,353.350,7.426E-13,-0.465,0.47
,,,,,,,,,,,,,,,,,,,,,,,,,,,,,,,,,,,,,,,,,,,,,,353.400,7.552E-13,-0.465,0.47
,,,,,,,,,,,,,,,,,,,,,,,,,,,,,,,,,,,,,,,,,,,,,,353.450,7.360E-13,-0.466,0.47
,,,,,,,,,,,,,,,,,,,,,,,,,,,,,,,,,,,,,,,,,,,,,,353.500,6.669E-13,-0.466,0.47
,,,,,,,,,,,,,,,,,,,,,,,,,,,,,,,,,,,,,,,,,,,,,,353.550,4.521E-13,-0.465,0.46
,,,,,,,,,,,,,,,,,,,,,,,,,,,,,,,,,,,,,,,,,,,,,,353.600,1.370E-13,-0.465,0.47
,,,,,,,,,,,,,,,,,,,,,,,,,,,,,,,,,,,,,,,,,,,,,,353.650,-2.954E-13,-0.465,0.47
,,,,,,,,,,,,,,,,,,,,,,,,,,,,,,,,,,,,,,,,,,,,,,353.700,-8.004E-13,-0.466,0.47
,,,,,,,,,,,,,,,,,,,,,,,,,,,,,,,,,,,,,,,,,,,,,,353.750,-1.250E-12,-0.465,0.47
,,,,,,,,,,,,,,,,,,,,,,,,,,,,,,,,,,,,,,,,,,,,,,353.800,-1.577E-12,-0.464,0.46
,,,,,,,,,,,,,,,,,,,,,,,,,,,,,,,,,,,,,,,,,,,,,,353.850,-1.775E-12,-0.465,0.47
,,,,,,,,,,,,,,,,,,,,,,,,,,,,,,,,,,,,,,,,,,,,,,353.900,-1.844E-12,-0.465,0.46
,,,,,,,,,,,,,,,,,,,,,,,,,,,,,,,,,,,,,,,,,,,,,,353.950,-1.795E-12,-0.467,0.47
,,,,,,,,,,,,,,,,,,,,,,,,,,,,,,,,,,,,,,,,,,,,,,354.000,-1.665E-12,-0.466,0.47
,,,,,,,,,,,,,,,,,,,,,,,,,,,,,,,,,,,,,,,,,,,,,,354.050,-1.468E-12,-0.465,0.46
,,,,,,,,,,,,,,,,,,,,,,,,,,,,,,,,,,,,,,,,,,,,,,354.100,-1.242E-12,-0.465,0.47
,,,,,,,,,,,,,,,,,,,,,,,,,,,,,,,,,,,,,,,,,,,,,,354.150,-1.018E-12,-0.466,0.47
,,,,,,,,,,,,,,,,,,,,,,,,,,,,,,,,,,,,,,,,,,,,,,354.200,-7.841E-13,-0.464,0.46
,,,,,,,,,,,,,,,,,,,,,,,,,,,,,,,,,,,,,,,,,,,,,,354.250,-5.911E-13,-0.466,0.47
,,,,,,,,,,,,,,,,,,,,,,,,,,,,,,,,,,,,,,,,,,,,,,354.300,-4.027E-13,-0.466,0.47
,,,,,,,,,,,,,,,,,,,,,,,,,,,,,,,,,,,,,,,,,,,,,,354.350,-2.574E-13,-0.465,0.46
,,,,,,,,,,,,,,,,,,,,,,,,,,,,,,,,,,,,,,,,,,,,,,354.400,-7.788E-14,-0.465,0.46
,,,,,,,,,,,,,,,,,,,,,,,,,,,,,,,,,,,,,,,,,,,,,,354.450,1.451E-13,-0.465,0.46
,,,,,,,,,,,,,,,,,,,,,,,,,,,,,,,,,,,,,,,,,,,,,,354.500,3.339E-13,-0.465,0.46
,,,,,,,,,,,,,,,,,,,,,,,,,,,,,,,,,,,,,,,,,,,,,,354.550,4.247E-13,-0.466,0.47
,,,,,,,,,,,,,,,,,,,,,,,,,,,,,,,,,,,,,,,,,,,,,,354.600,4.408E-13,-0.465,0.47
,,,,,,,,,,,,,,,,,,,,,,,,,,,,,,,,,,,,,,,,,,,,,,354.650,4.094E-13,-0.465,0.47
,,,,,,,,,,,,,,,,,,,,,,,,,,,,,,,,,,,,,,,,,,,,,,354.700,3.441E-13,-0.464,0.46
,,,,,,,,,,,,,,,,,,,,,,,,,,,,,,,,,,,,,,,,,,,,,,354.750,2.668E-13,-0.466,0.47
,,,,,,,,,,,,,,,,,,,,,,,,,,,,,,,,,,,,,,,,,,,,,,354.800,2.990E-13,-0.464,0.46
,,,,,,,,,,,,,,,,,,,,,,,,,,,,,,,,,,,,,,,,,,,,,,354.850,7.222E-13,-0.464,0.46
,,,,,,,,,,,,,,,,,,,,,,,,,,,,,,,,,,,,,,,,,,,,,,354.900,2.584E-12,-0.466,0.47
,,,,,,,,,,,,,,,,,,,,,,,,,,,,,,,,,,,,,,,,,,,,,,354.950,6.431E-12,-0.465,0.47
,,,,,,,,,,,,,,,,,,,,,,,,,,,,,,,,,,,,,,,,,,,,,,355.000,1.167E-11,-0.465,0.46
,,,,,,,,,,,,,,,,,,,,,,,,,,,,,,,,,,,,,,,,,,,,,,355.050,1.703E-11,-0.465,0.46
,,,,,,,,,,,,,,,,,,,,,,,,,,,,,,,,,,,,,,,,,,,,,,355.100,2.133E-11,-0.464,0.46
,,,,,,,,,,,,,,,,,,,,,,,,,,,,,,,,,,,,,,,,,,,,,,355.150,2.452E-11,-0.465,0.47
,,,,,,,,,,,,,,,,,,,,,,,,,,,,,,,,,,,,,,,,,,,,,,355.200,2.679E-11,-0.465,0.47
,,,,,,,,,,,,,,,,,,,,,,,,,,,,,,,,,,,,,,,,,,,,,,355.250,2.886E-11,-0.465,0.47
,,,,,,,,,,,,,,,,,,,,,,,,,,,,,,,,,,,,,,,,,,,,,,355.300,3.171E-11,-0.465,0.46
,,,,,,,,,,,,,,,,,,,,,,,,,,,,,,,,,,,,,,,,,,,,,,355.350,3.592E-11,-0.465,0.46
,,,,,,,,,,,,,,,,,,,,,,,,,,,,,,,,,,,,,,,,,,,,,,355.400,4.099E-11,-0.465,0.47
,,,,,,,,,,,,,,,,,,,,,,,,,,,,,,,,,,,,,,,,,,,,,,355.450,4.557E-11,-0.466,0.47
,,,,,,,,,,,,,,,,,,,,,,,,,,,,,,,,,,,,,,,,,,,,,,355.500,4.890E-11,-0.465,0.47
,,,,,,,,,,,,,,,,,,,,,,,,,,,,,,,,,,,,,,,,,,,,,,355.550,5.081E-11,-0.464,0.46
,,,,,,,,,,,,,,,,,,,,,,,,,,,,,,,,,,,,,,,,,,,,,,355.600,5.130E-11,-0.466,0.47
,,,,,,,,,,,,,,,,,,,,,,,,,,,,,,,,,,,,,,,,,,,,,,355.650,5.081E-11,-0.465,0.46
,,,,,,,,,,,,,,,,,,,,,,,,,,,,,,,,,,,,,,,,,,,,,,355.700,4.950E-11,-0.464,0.46
,,,,,,,,,,,,,,,,,,,,,,,,,,,,,,,,,,,,,,,,,,,,,,355.750,4.748E-11,-0.465,0.47
,,,,,,,,,,,,,,,,,,,,,,,,,,,,,,,,,,,,,,,,,,,,,,355.800,4.472E-11,-0.465,0.46
,,,,,,,,,,,,,,,,,,,,,,,,,,,,,,,,,,,,,,,,,,,,,,355.850,4.131E-11,-0.466,0.47
,,,,,,,,,,,,,,,,,,,,,,,,,,,,,,,,,,,,,,,,,,,,,,355.900,3.739E-11,-0.465,0.46
,,,,,,,,,,,,,,,,,,,,,,,,,,,,,,,,,,,,,,,,,,,,,,355.950,3.306E-11,-0.465,0.47
,,,,,,,,,,,,,,,,,,,,,,,,,,,,,,,,,,,,,,,,,,,,,,356.000,2.865E-11,-0.465,0.47
,,,,,,,,,,,,,,,,,,,,,,,,,,,,,,,,,,,,,,,,,,,,,,356.050,2.453E-11,-0.465,0.47
,,,,,,,,,,,,,,,,,,,,,,,,,,,,,,,,,,,,,,,,,,,,,,356.100,2.083E-11,-0.466,0.47
,,,,,,,,,,,,,,,,,,,,,,,,,,,,,,,,,,,,,,,,,,,,,,356.150,1.777E-11,-0.466,0.47
,,,,,,,,,,,,,,,,,,,,,,,,,,,,,,,,,,,,,,,,,,,,,,356.200,1.537E-11,-0.466,0.47
,,,,,,,,,,,,,,,,,,,,,,,,,,,,,,,,,,,,,,,,,,,,,,356.250,1.372E-11,-0.464,0.46
,,,,,,,,,,,,,,,,,,,,,,,,,,,,,,,,,,,,,,,,,,,,,,356.300,1.274E-11,-0.465,0.46
,,,,,,,,,,,,,,,,,,,,,,,,,,,,,,,,,,,,,,,,,,,,,,356.350,1.219E-11,-0.465,0.47
,,,,,,,,,,,,,,,,,,,,,,,,,,,,,,,,,,,,,,,,,,,,,,356.400,1.170E-11,-0.465,0.47
,,,,,,,,,,,,,,,,,,,,,,,,,,,,,,,,,,,,,,,,,,,,,,356.450,1.091E-11,-0.465,0.47
,,,,,,,,,,,,,,,,,,,,,,,,,,,,,,,,,,,,,,,,,,,,,,356.500,9.661E-12,-0.465,0.47
,,,,,,,,,,,,,,,,,,,,,,,,,,,,,,,,,,,,,,,,,,,,,,356.550,8.090E-12,-0.465,0.46
,,,,,,,,,,,,,,,,,,,,,,,,,,,,,,,,,,,,,,,,,,,,,,356.600,6.395E-12,-0.464,0.46
,,,,,,,,,,,,,,,,,,,,,,,,,,,,,,,,,,,,,,,,,,,,,,356.650,4.621E-12,-0.465,0.46
,,,,,,,,,,,,,,,,,,,,,,,,,,,,,,,,,,,,,,,,,,,,,,356.700,2.611E-12,-0.464,0.46
,,,,,,,,,,,,,,,,,,,,,,,,,,,,,,,,,,,,,,,,,,,,,,356.750,3.700E-13,-0.465,0.46
,,,,,,,,,,,,,,,,,,,,,,,,,,,,,,,,,,,,,,,,,,,,,,356.800,-2.079E-12,-0.464,0.46
,,,,,,,,,,,,,,,,,,,,,,,,,,,,,,,,,,,,,,,,,,,,,,356.850,-4.659E-12,-0.465,0.46
,,,,,,,,,,,,,,,,,,,,,,,,,,,,,,,,,,,,,,,,,,,,,,356.900,-6.926E-12,-0.465,0.47
,,,,,,,,,,,,,,,,,,,,,,,,,,,,,,,,,,,,,,,,,,,,,,356.950,-8.476E-12,-0.466,0.47
,,,,,,,,,,,,,,,,,,,,,,,,,,,,,,,,,,,,,,,,,,,,,,357.000,-8.906E-12,-0.465,0.47
,,,,,,,,,,,,,,,,,,,,,,,,,,,,,,,,,,,,,,,,,,,,,,357.050,-8.242E-12,-0.465,0.47
,,,,,,,,,,,,,,,,,,,,,,,,,,,,,,,,,,,,,,,,,,,,,,357.100,-6.858E-12,-0.465,0.46
,,,,,,,,,,,,,,,,,,,,,,,,,,,,,,,,,,,,,,,,,,,,,,357.150,-5.244E-12,-0.465,0.46
,,,,,,,,,,,,,,,,,,,,,,,,,,,,,,,,,,,,,,,,,,,,,,357.200,-3.771E-12,-0.464,0.46
,,,,,,,,,,,,,,,,,,,,,,,,,,,,,,,,,,,,,,,,,,,,,,357.250,-2.950E-12,-0.465,0.47
,,,,,,,,,,,,,,,,,,,,,,,,,,,,,,,,,,,,,,,,,,,,,,357.300,-3.313E-12,-0.465,0.47
,,,,,,,,,,,,,,,,,,,,,,,,,,,,,,,,,,,,,,,,,,,,,,357.350,-4.811E-12,-0.465,0.47
,,,,,,,,,,,,,,,,,,,,,,,,,,,,,,,,,,,,,,,,,,,,,,357.400,-6.793E-12,-0.464,0.46
,,,,,,,,,,,,,,,,,,,,,,,,,,,,,,,,,,,,,,,,,,,,,,357.450,-8.702E-12,-0.466,0.47
,,,,,,,,,,,,,,,,,,,,,,,,,,,,,,,,,,,,,,,,,,,,,,357.500,-9.817E-12,-0.465,0.46
,,,,,,,,,,,,,,,,,,,,,,,,,,,,,,,,,,,,,,,,,,,,,,357.550,-9.816E-12,-0.465,0.47
,,,,,,,,,,,,,,,,,,,,,,,,,,,,,,,,,,,,,,,,,,,,,,357.600,-8.554E-12,-0.466,0.47
,,,,,,,,,,,,,,,,,,,,,,,,,,,,,,,,,,,,,,,,,,,,,,357.650,-6.267E-12,-0.466,0.47
,,,,,,,,,,,,,,,,,,,,,,,,,,,,,,,,,,,,,,,,,,,,,,357.700,-3.510E-12,-0.465,0.46
,,,,,,,,,,,,,,,,,,,,,,,,,,,,,,,,,,,,,,,,,,,,,,357.750,-8.369E-13,-0.465,0.47
,,,,,,,,,,,,,,,,,,,,,,,,,,,,,,,,,,,,,,,,,,,,,,357.800,1.267E-12,-0.464,0.46
,,,,,,,,,,,,,,,,,,,,,,,,,,,,,,,,,,,,,,,,,,,,,,357.850,2.304E-12,-0.465,0.46
,,,,,,,,,,,,,,,,,,,,,,,,,,,,,,,,,,,,,,,,,,,,,,357.900,2.064E-12,-0.464,0.46
,,,,,,,,,,,,,,,,,,,,,,,,,,,,,,,,,,,,,,,,,,,,,,357.950,7.714E-13,-0.465,0.46
,,,,,,,,,,,,,,,,,,,,,,,,,,,,,,,,,,,,,,,,,,,,,,358.000,-9.720E-13,-0.465,0.46
,,,,,,,,,,,,,,,,,,,,,,,,,,,,,,,,,,,,,,,,,,,,,,358.050,-2.542E-12,-0.465,0.47
,,,,,,,,,,,,,,,,,,,,,,,,,,,,,,,,,,,,,,,,,,,,,,358.100,-3.385E-12,-0.465,0.46
,,,,,,,,,,,,,,,,,,,,,,,,,,,,,,,,,,,,,,,,,,,,,,358.150,-3.188E-12,-0.465,0.46
,,,,,,,,,,,,,,,,,,,,,,,,,,,,,,,,,,,,,,,,,,,,,,358.200,-2.111E-12,-0.464,0.46
,,,,,,,,,,,,,,,,,,,,,,,,,,,,,,,,,,,,,,,,,,,,,,358.250,-6.252E-13,-0.465,0.46
,,,,,,,,,,,,,,,,,,,,,,,,,,,,,,,,,,,,,,,,,,,,,,358.300,8.315E-13,-0.465,0.46
,,,,,,,,,,,,,,,,,,,,,,,,,,,,,,,,,,,,,,,,,,,,,,358.350,1.735E-12,-0.464,0.46
,,,,,,,,,,,,,,,,,,,,,,,,,,,,,,,,,,,,,,,,,,,,,,358.400,1.751E-12,-0.465,0.46
,,,,,,,,,,,,,,,,,,,,,,,,,,,,,,,,,,,,,,,,,,,,,,358.450,9.524E-13,-0.464,0.46
,,,,,,,,,,,,,,,,,,,,,,,,,,,,,,,,,,,,,,,,,,,,,,358.500,-5.948E-13,-0.466,0.47
,,,,,,,,,,,,,,,,,,,,,,,,,,,,,,,,,,,,,,,,,,,,,,358.550,-2.782E-12,-0.465,0.47
,,,,,,,,,,,,,,,,,,,,,,,,,,,,,,,,,,,,,,,,,,,,,,358.600,-5.158E-12,-0.466,0.47
,,,,,,,,,,,,,,,,,,,,,,,,,,,,,,,,,,,,,,,,,,,,,,358.650,-7.078E-12,-0.465,0.47
,,,,,,,,,,,,,,,,,,,,,,,,,,,,,,,,,,,,,,,,,,,,,,358.700,-8.053E-12,-0.465,0.47
,,,,,,,,,,,,,,,,,,,,,,,,,,,,,,,,,,,,,,,,,,,,,,358.750,-7.664E-12,-0.467,0.47
,,,,,,,,,,,,,,,,,,,,,,,,,,,,,,,,,,,,,,,,,,,,,,358.800,-6.041E-12,-0.465,0.47
,,,,,,,,,,,,,,,,,,,,,,,,,,,,,,,,,,,,,,,,,,,,,,358.850,-3.715E-12,-0.465,0.47
,,,,,,,,,,,,,,,,,,,,,,,,,,,,,,,,,,,,,,,,,,,,,,358.900,-1.236E-12,-0.466,0.47
,,,,,,,,,,,,,,,,,,,,,,,,,,,,,,,,,,,,,,,,,,,,,,358.950,8.354E-13,-0.465,0.46
,,,,,,,,,,,,,,,,,,,,,,,,,,,,,,,,,,,,,,,,,,,,,,359.000,1.769E-12,-0.465,0.46
,,,,,,,,,,,,,,,,,,,,,,,,,,,,,,,,,,,,,,,,,,,,,,359.050,8.407E-13,-0.466,0.47
,,,,,,,,,,,,,,,,,,,,,,,,,,,,,,,,,,,,,,,,,,,,,,359.100,-1.738E-12,-0.465,0.46
,,,,,,,,,,,,,,,,,,,,,,,,,,,,,,,,,,,,,,,,,,,,,,359.150,-5.007E-12,-0.465,0.46
,,,,,,,,,,,,,,,,,,,,,,,,,,,,,,,,,,,,,,,,,,,,,,359.200,-8.015E-12,-0.465,0.46
,,,,,,,,,,,,,,,,,,,,,,,,,,,,,,,,,,,,,,,,,,,,,,359.250,-9.749E-12,-0.465,0.47
,,,,,,,,,,,,,,,,,,,,,,,,,,,,,,,,,,,,,,,,,,,,,,359.300,-9.587E-12,-0.464,0.46
,,,,,,,,,,,,,,,,,,,,,,,,,,,,,,,,,,,,,,,,,,,,,,359.350,-7.813E-12,-0.465,0.47
,,,,,,,,,,,,,,,,,,,,,,,,,,,,,,,,,,,,,,,,,,,,,,359.400,-5.251E-12,-0.465,0.47
,,,,,,,,,,,,,,,,,,,,,,,,,,,,,,,,,,,,,,,,,,,,,,359.450,-2.812E-12,-0.465,0.47
,,,,,,,,,,,,,,,,,,,,,,,,,,,,,,,,,,,,,,,,,,,,,,359.500,-1.244E-12,-0.466,0.47
,,,,,,,,,,,,,,,,,,,,,,,,,,,,,,,,,,,,,,,,,,,,,,359.550,-1.010E-12,-0.465,0.46
,,,,,,,,,,,,,,,,,,,,,,,,,,,,,,,,,,,,,,,,,,,,,,359.600,-1.730E-12,-0.466,0.47
,,,,,,,,,,,,,,,,,,,,,,,,,,,,,,,,,,,,,,,,,,,,,,359.650,-2.754E-12,-0.465,0.47
,,,,,,,,,,,,,,,,,,,,,,,,,,,,,,,,,,,,,,,,,,,,,,359.700,-3.714E-12,-0.465,0.47
,,,,,,,,,,,,,,,,,,,,,,,,,,,,,,,,,,,,,,,,,,,,,,359.750,-4.109E-12,-0.465,0.47
,,,,,,,,,,,,,,,,,,,,,,,,,,,,,,,,,,,,,,,,,,,,,,359.800,-3.474E-12,-0.465,0.47
,,,,,,,,,,,,,,,,,,,,,,,,,,,,,,,,,,,,,,,,,,,,,,359.850,-1.865E-12,-0.466,0.47
,,,,,,,,,,,,,,,,,,,,,,,,,,,,,,,,,,,,,,,,,,,,,,359.900,1.620E-13,-0.464,0.46
,,,,,,,,,,,,,,,,,,,,,,,,,,,,,,,,,,,,,,,,,,,,,,359.950,1.932E-12,-0.465,0.46
,,,,,,,,,,,,,,,,,,,,,,,,,,,,,,,,,,,,,,,,,,,,,,360.000,2.948E-12,-0.465,0.47
,,,,,,,,,,,,,,,,,,,,,,,,,,,,,,,,,,,,,,,,,,,,,,360.050,2.900E-12,-0.465,0.46
,,,,,,,,,,,,,,,,,,,,,,,,,,,,,,,,,,,,,,,,,,,,,,360.100,2.030E-12,-0.465,0.47
,,,,,,,,,,,,,,,,,,,,,,,,,,,,,,,,,,,,,,,,,,,,,,360.150,7.996E-13,-0.464,0.46
,,,,,,,,,,,,,,,,,,,,,,,,,,,,,,,,,,,,,,,,,,,,,,360.200,-5.748E-13,-0.464,0.46
,,,,,,,,,,,,,,,,,,,,,,,,,,,,,,,,,,,,,,,,,,,,,,360.250,-1.753E-12,-0.465,0.47
,,,,,,,,,,,,,,,,,,,,,,,,,,,,,,,,,,,,,,,,,,,,,,360.300,-2.187E-12,-0.464,0.46
,,,,,,,,,,,,,,,,,,,,,,,,,,,,,,,,,,,,,,,,,,,,,,360.350,-1.702E-12,-0.465,0.46
,,,,,,,,,,,,,,,,,,,,,,,,,,,,,,,,,,,,,,,,,,,,,,360.400,-5.005E-13,-0.464,0.46
,,,,,,,,,,,,,,,,,,,,,,,,,,,,,,,,,,,,,,,,,,,,,,360.450,9.713E-13,-0.465,0.47
,,,,,,,,,,,,,,,,,,,,,,,,,,,,,,,,,,,,,,,,,,,,,,360.500,2.309E-12,-0.465,0.46
,,,,,,,,,,,,,,,,,,,,,,,,,,,,,,,,,,,,,,,,,,,,,,360.550,3.249E-12,-0.463,0.46
,,,,,,,,,,,,,,,,,,,,,,,,,,,,,,,,,,,,,,,,,,,,,,360.600,3.569E-12,-0.464,0.46
,,,,,,,,,,,,,,,,,,,,,,,,,,,,,,,,,,,,,,,,,,,,,,360.650,3.386E-12,-0.464,0.46
,,,,,,,,,,,,,,,,,,,,,,,,,,,,,,,,,,,,,,,,,,,,,,360.700,2.866E-12,-0.465,0.46
,,,,,,,,,,,,,,,,,,,,,,,,,,,,,,,,,,,,,,,,,,,,,,360.750,2.344E-12,-0.465,0.46
,,,,,,,,,,,,,,,,,,,,,,,,,,,,,,,,,,,,,,,,,,,,,,360.800,1.952E-12,-0.465,0.46
,,,,,,,,,,,,,,,,,,,,,,,,,,,,,,,,,,,,,,,,,,,,,,360.850,1.689E-12,-0.465,0.47
,,,,,,,,,,,,,,,,,,,,,,,,,,,,,,,,,,,,,,,,,,,,,,360.900,1.487E-12,-0.464,0.46
,,,,,,,,,,,,,,,,,,,,,,,,,,,,,,,,,,,,,,,,,,,,,,360.950,1.363E-12,-0.465,0.47
,,,,,,,,,,,,,,,,,,,,,,,,,,,,,,,,,,,,,,,,,,,,,,361.000,1.362E-12,-0.465,0.47
,,,,,,,,,,,,,,,,,,,,,,,,,,,,,,,,,,,,,,,,,,,,,,361.050,1.443E-12,-0.465,0.47
,,,,,,,,,,,,,,,,,,,,,,,,,,,,,,,,,,,,,,,,,,,,,,361.100,1.504E-12,-0.465,0.47
,,,,,,,,,,,,,,,,,,,,,,,,,,,,,,,,,,,,,,,,,,,,,,361.150,1.412E-12,-0.465,0.46
,,,,,,,,,,,,,,,,,,,,,,,,,,,,,,,,,,,,,,,,,,,,,,361.200,9.254E-13,-0.464,0.46
,,,,,,,,,,,,,,,,,,,,,,,,,,,,,,,,,,,,,,,,,,,,,,361.250,1.199E-13,-0.465,0.46
,,,,,,,,,,,,,,,,,,,,,,,,,,,,,,,,,,,,,,,,,,,,,,361.300,-5.680E-13,-0.464,0.46
,,,,,,,,,,,,,,,,,,,,,,,,,,,,,,,,,,,,,,,,,,,,,,361.350,-8.549E-13,-0.466,0.47
,,,,,,,,,,,,,,,,,,,,,,,,,,,,,,,,,,,,,,,,,,,,,,361.400,-6.979E-13,-0.465,0.47
,,,,,,,,,,,,,,,,,,,,,,,,,,,,,,,,,,,,,,,,,,,,,,361.450,-5.165E-13,-0.464,0.46
,,,,,,,,,,,,,,,,,,,,,,,,,,,,,,,,,,,,,,,,,,,,,,361.500,-7.544E-13,-0.465,0.46
,,,,,,,,,,,,,,,,,,,,,,,,,,,,,,,,,,,,,,,,,,,,,,361.550,-1.468E-12,-0.465,0.47
,,,,,,,,,,,,,,,,,,,,,,,,,,,,,,,,,,,,,,,,,,,,,,361.600,-2.358E-12,-0.465,0.46
,,,,,,,,,,,,,,,,,,,,,,,,,,,,,,,,,,,,,,,,,,,,,,361.650,-3.172E-12,-0.464,0.46
,,,,,,,,,,,,,,,,,,,,,,,,,,,,,,,,,,,,,,,,,,,,,,361.700,-3.694E-12,-0.464,0.46
,,,,,,,,,,,,,,,,,,,,,,,,,,,,,,,,,,,,,,,,,,,,,,361.750,-3.844E-12,-0.463,0.46
,,,,,,,,,,,,,,,,,,,,,,,,,,,,,,,,,,,,,,,,,,,,,,361.800,-3.698E-12,-0.464,0.46
,,,,,,,,,,,,,,,,,,,,,,,,,,,,,,,,,,,,,,,,,,,,,,361.850,-3.439E-12,-0.465,0.46
,,,,,,,,,,,,,,,,,,,,,,,,,,,,,,,,,,,,,,,,,,,,,,361.900,-3.312E-12,-0.465,0.46
,,,,,,,,,,,,,,,,,,,,,,,,,,,,,,,,,,,,,,,,,,,,,,361.950,-3.304E-12,-0.465,0.46
,,,,,,,,,,,,,,,,,,,,,,,,,,,,,,,,,,,,,,,,,,,,,,362.000,-3.252E-12,-0.465,0.46
,,,,,,,,,,,,,,,,,,,,,,,,,,,,,,,,,,,,,,,,,,,,,,362.050,-2.973E-12,-0.465,0.46
,,,,,,,,,,,,,,,,,,,,,,,,,,,,,,,,,,,,,,,,,,,,,,362.100,-2.434E-12,-0.465,0.46
,,,,,,,,,,,,,,,,,,,,,,,,,,,,,,,,,,,,,,,,,,,,,,362.150,-1.677E-12,-0.465,0.47
,,,,,,,,,,,,,,,,,,,,,,,,,,,,,,,,,,,,,,,,,,,,,,362.200,-7.249E-13,-0.466,0.47
,,,,,,,,,,,,,,,,,,,,,,,,,,,,,,,,,,,,,,,,,,,,,,362.250,3.029E-13,-0.464,0.46
,,,,,,,,,,,,,,,,,,,,,,,,,,,,,,,,,,,,,,,,,,,,,,362.300,1.245E-12,-0.465,0.46
,,,,,,,,,,,,,,,,,,,,,,,,,,,,,,,,,,,,,,,,,,,,,,362.350,1.894E-12,-0.466,0.47
,,,,,,,,,,,,,,,,,,,,,,,,,,,,,,,,,,,,,,,,,,,,,,362.400,2.205E-12,-0.464,0.46
,,,,,,,,,,,,,,,,,,,,,,,,,,,,,,,,,,,,,,,,,,,,,,362.450,2.177E-12,-0.464,0.46
,,,,,,,,,,,,,,,,,,,,,,,,,,,,,,,,,,,,,,,,,,,,,,362.500,1.894E-12,-0.464,0.46
,,,,,,,,,,,,,,,,,,,,,,,,,,,,,,,,,,,,,,,,,,,,,,362.550,1.423E-12,-0.466,0.47
,,,,,,,,,,,,,,,,,,,,,,,,,,,,,,,,,,,,,,,,,,,,,,362.600,9.601E-13,-0.465,0.46
,,,,,,,,,,,,,,,,,,,,,,,,,,,,,,,,,,,,,,,,,,,,,,362.650,6.964E-13,-0.466,0.47
,,,,,,,,,,,,,,,,,,,,,,,,,,,,,,,,,,,,,,,,,,,,,,362.700,6.892E-13,-0.465,0.46
,,,,,,,,,,,,,,,,,,,,,,,,,,,,,,,,,,,,,,,,,,,,,,362.750,7.148E-13,-0.464,0.46
,,,,,,,,,,,,,,,,,,,,,,,,,,,,,,,,,,,,,,,,,,,,,,362.800,5.901E-13,-0.465,0.47
,,,,,,,,,,,,,,,,,,,,,,,,,,,,,,,,,,,,,,,,,,,,,,362.850,2.671E-13,-0.464,0.46
,,,,,,,,,,,,,,,,,,,,,,,,,,,,,,,,,,,,,,,,,,,,,,362.900,-1.914E-13,-0.464,0.46
,,,,,,,,,,,,,,,,,,,,,,,,,,,,,,,,,,,,,,,,,,,,,,362.950,-7.360E-13,-0.464,0.46
,,,,,,,,,,,,,,,,,,,,,,,,,,,,,,,,,,,,,,,,,,,,,,363.000,-1.338E-12,-0.465,0.46
,,,,,,,,,,,,,,,,,,,,,,,,,,,,,,,,,,,,,,,,,,,,,,363.050,-1.851E-12,-0.464,0.46
,,,,,,,,,,,,,,,,,,,,,,,,,,,,,,,,,,,,,,,,,,,,,,363.100,-2.229E-12,-0.465,0.46
,,,,,,,,,,,,,,,,,,,,,,,,,,,,,,,,,,,,,,,,,,,,,,363.150,-2.457E-12,-0.465,0.47
,,,,,,,,,,,,,,,,,,,,,,,,,,,,,,,,,,,,,,,,,,,,,,363.200,-2.449E-12,-0.464,0.46
,,,,,,,,,,,,,,,,,,,,,,,,,,,,,,,,,,,,,,,,,,,,,,363.250,-2.193E-12,-0.465,0.47
,,,,,,,,,,,,,,,,,,,,,,,,,,,,,,,,,,,,,,,,,,,,,,363.300,-1.768E-12,-0.464,0.46
,,,,,,,,,,,,,,,,,,,,,,,,,,,,,,,,,,,,,,,,,,,,,,363.350,-1.332E-12,-0.465,0.47
,,,,,,,,,,,,,,,,,,,,,,,,,,,,,,,,,,,,,,,,,,,,,,363.400,-9.529E-13,-0.464,0.46
,,,,,,,,,,,,,,,,,,,,,,,,,,,,,,,,,,,,,,,,,,,,,,363.450,-6.708E-13,-0.466,0.47
,,,,,,,,,,,,,,,,,,,,,,,,,,,,,,,,,,,,,,,,,,,,,,363.500,-4.500E-13,-0.464,0.46
,,,,,,,,,,,,,,,,,,,,,,,,,,,,,,,,,,,,,,,,,,,,,,363.550,-2.808E-13,-0.466,0.47
,,,,,,,,,,,,,,,,,,,,,,,,,,,,,,,,,,,,,,,,,,,,,,363.600,-1.456E-13,-0.465,0.46
,,,,,,,,,,,,,,,,,,,,,,,,,,,,,,,,,,,,,,,,,,,,,,363.650,-5.249E-14,-0.465,0.46
,,,,,,,,,,,,,,,,,,,,,,,,,,,,,,,,,,,,,,,,,,,,,,363.700,-4.272E-15,-0.465,0.46
,,,,,,,,,,,,,,,,,,,,,,,,,,,,,,,,,,,,,,,,,,,,,,363.750,1.379E-14,-0.465,0.46
,,,,,,,,,,,,,,,,,,,,,,,,,,,,,,,,,,,,,,,,,,,,,,363.800,-8.179E-15,-0.465,0.46
,,,,,,,,,,,,,,,,,,,,,,,,,,,,,,,,,,,,,,,,,,,,,,363.850,-8.301E-14,-0.464,0.46
,,,,,,,,,,,,,,,,,,,,,,,,,,,,,,,,,,,,,,,,,,,,,,363.900,-2.399E-13,-0.465,0.46
,,,,,,,,,,,,,,,,,,,,,,,,,,,,,,,,,,,,,,,,,,,,,,363.950,-5.198E-13,-0.465,0.47
,,,,,,,,,,,,,,,,,,,,,,,,,,,,,,,,,,,,,,,,,,,,,,364.000,-9.858E-13,-0.466,0.47
,,,,,,,,,,,,,,,,,,,,,,,,,,,,,,,,,,,,,,,,,,,,,,364.050,-1.537E-12,-0.464,0.46
,,,,,,,,,,,,,,,,,,,,,,,,,,,,,,,,,,,,,,,,,,,,,,364.100,-2.107E-12,-0.465,0.47
,,,,,,,,,,,,,,,,,,,,,,,,,,,,,,,,,,,,,,,,,,,,,,364.150,-2.546E-12,-0.464,0.46
,,,,,,,,,,,,,,,,,,,,,,,,,,,,,,,,,,,,,,,,,,,,,,364.200,-2.728E-12,-0.465,0.47
,,,,,,,,,,,,,,,,,,,,,,,,,,,,,,,,,,,,,,,,,,,,,,364.250,-2.507E-12,-0.465,0.47
,,,,,,,,,,,,,,,,,,,,,,,,,,,,,,,,,,,,,,,,,,,,,,364.300,-1.935E-12,-0.465,0.46
,,,,,,,,,,,,,,,,,,,,,,,,,,,,,,,,,,,,,,,,,,,,,,364.350,-1.097E-12,-0.465,0.47
,,,,,,,,,,,,,,,,,,,,,,,,,,,,,,,,,,,,,,,,,,,,,,364.400,-1.871E-13,-0.466,0.47
,,,,,,,,,,,,,,,,,,,,,,,,,,,,,,,,,,,,,,,,,,,,,,364.450,4.908E-13,-0.465,0.47
,,,,,,,,,,,,,,,,,,,,,,,,,,,,,,,,,,,,,,,,,,,,,,364.500,7.429E-13,-0.465,0.47
,,,,,,,,,,,,,,,,,,,,,,,,,,,,,,,,,,,,,,,,,,,,,,364.550,5.000E-13,-0.465,0.46
,,,,,,,,,,,,,,,,,,,,,,,,,,,,,,,,,,,,,,,,,,,,,,364.600,-5.273E-14,-0.465,0.46
,,,,,,,,,,,,,,,,,,,,,,,,,,,,,,,,,,,,,,,,,,,,,,364.650,-7.228E-13,-0.464,0.46
,,,,,,,,,,,,,,,,,,,,,,,,,,,,,,,,,,,,,,,,,,,,,,364.700,-1.358E-12,-0.465,0.47
,,,,,,,,,,,,,,,,,,,,,,,,,,,,,,,,,,,,,,,,,,,,,,364.750,-1.875E-12,-0.466,0.47
,,,,,,,,,,,,,,,,,,,,,,,,,,,,,,,,,,,,,,,,,,,,,,364.800,-2.281E-12,-0.464,0.46
,,,,,,,,,,,,,,,,,,,,,,,,,,,,,,,,,,,,,,,,,,,,,,364.850,-2.484E-12,-0.465,0.46
,,,,,,,,,,,,,,,,,,,,,,,,,,,,,,,,,,,,,,,,,,,,,,364.900,-2.387E-12,-0.464,0.46
,,,,,,,,,,,,,,,,,,,,,,,,,,,,,,,,,,,,,,,,,,,,,,364.950,-2.057E-12,-0.465,0.47
,,,,,,,,,,,,,,,,,,,,,,,,,,,,,,,,,,,,,,,,,,,,,,365.000,-1.674E-12,-0.465,0.46
,,,,,,,,,,,,,,,,,,,,,,,,,,,,,,,,,,,,,,,,,,,,,,365.050,-1.477E-12,-0.463,0.46
,,,,,,,,,,,,,,,,,,,,,,,,,,,,,,,,,,,,,,,,,,,,,,365.100,-1.610E-12,-0.465,0.47
,,,,,,,,,,,,,,,,,,,,,,,,,,,,,,,,,,,,,,,,,,,,,,365.150,-1.943E-12,-0.465,0.46
,,,,,,,,,,,,,,,,,,,,,,,,,,,,,,,,,,,,,,,,,,,,,,365.200,-2.295E-12,-0.465,0.47
,,,,,,,,,,,,,,,,,,,,,,,,,,,,,,,,,,,,,,,,,,,,,,365.250,-2.445E-12,-0.465,0.46
,,,,,,,,,,,,,,,,,,,,,,,,,,,,,,,,,,,,,,,,,,,,,,365.300,-2.314E-12,-0.464,0.46
,,,,,,,,,,,,,,,,,,,,,,,,,,,,,,,,,,,,,,,,,,,,,,365.350,-1.819E-12,-0.465,0.47
,,,,,,,,,,,,,,,,,,,,,,,,,,,,,,,,,,,,,,,,,,,,,,365.400,-1.072E-12,-0.466,0.47
,,,,,,,,,,,,,,,,,,,,,,,,,,,,,,,,,,,,,,,,,,,,,,365.450,-2.104E-13,-0.466,0.47
,,,,,,,,,,,,,,,,,,,,,,,,,,,,,,,,,,,,,,,,,,,,,,365.500,6.062E-13,-0.465,0.46
,,,,,,,,,,,,,,,,,,,,,,,,,,,,,,,,,,,,,,,,,,,,,,365.550,1.447E-12,-0.465,0.47
,,,,,,,,,,,,,,,,,,,,,,,,,,,,,,,,,,,,,,,,,,,,,,365.600,2.324E-12,-0.465,0.47
,,,,,,,,,,,,,,,,,,,,,,,,,,,,,,,,,,,,,,,,,,,,,,365.650,3.198E-12,-0.465,0.47
,,,,,,,,,,,,,,,,,,,,,,,,,,,,,,,,,,,,,,,,,,,,,,365.700,3.824E-12,-0.465,0.46
,,,,,,,,,,,,,,,,,,,,,,,,,,,,,,,,,,,,,,,,,,,,,,365.750,3.991E-12,-0.465,0.46
,,,,,,,,,,,,,,,,,,,,,,,,,,,,,,,,,,,,,,,,,,,,,,365.800,3.739E-12,-0.466,0.47
,,,,,,,,,,,,,,,,,,,,,,,,,,,,,,,,,,,,,,,,,,,,,,365.850,3.127E-12,-0.465,0.47
,,,,,,,,,,,,,,,,,,,,,,,,,,,,,,,,,,,,,,,,,,,,,,365.900,2.295E-12,-0.465,0.46
,,,,,,,,,,,,,,,,,,,,,,,,,,,,,,,,,,,,,,,,,,,,,,365.950,1.307E-12,-0.465,0.46
,,,,,,,,,,,,,,,,,,,,,,,,,,,,,,,,,,,,,,,,,,,,,,366.000,2.208E-13,-0.466,0.47
,,,,,,,,,,,,,,,,,,,,,,,,,,,,,,,,,,,,,,,,,,,,,,366.050,-7.245E-13,-0.466,0.47
,,,,,,,,,,,,,,,,,,,,,,,,,,,,,,,,,,,,,,,,,,,,,,366.100,-1.442E-12,-0.465,0.46
,,,,,,,,,,,,,,,,,,,,,,,,,,,,,,,,,,,,,,,,,,,,,,366.150,-1.931E-12,-0.466,0.47
,,,,,,,,,,,,,,,,,,,,,,,,,,,,,,,,,,,,,,,,,,,,,,366.200,-2.226E-12,-0.464,0.46
,,,,,,,,,,,,,,,,,,,,,,,,,,,,,,,,,,,,,,,,,,,,,,366.250,-2.398E-12,-0.464,0.46
,,,,,,,,,,,,,,,,,,,,,,,,,,,,,,,,,,,,,,,,,,,,,,366.300,-2.474E-12,-0.465,0.46
,,,,,,,,,,,,,,,,,,,,,,,,,,,,,,,,,,,,,,,,,,,,,,366.350,-2.463E-12,-0.466,0.47
,,,,,,,,,,,,,,,,,,,,,,,,,,,,,,,,,,,,,,,,,,,,,,366.400,-2.329E-12,-0.464,0.46
,,,,,,,,,,,,,,,,,,,,,,,,,,,,,,,,,,,,,,,,,,,,,,366.450,-2.145E-12,-0.464,0.46
,,,,,,,,,,,,,,,,,,,,,,,,,,,,,,,,,,,,,,,,,,,,,,366.500,-1.975E-12,-0.465,0.47
,,,,,,,,,,,,,,,,,,,,,,,,,,,,,,,,,,,,,,,,,,,,,,366.550,-1.862E-12,-0.466,0.47
,,,,,,,,,,,,,,,,,,,,,,,,,,,,,,,,,,,,,,,,,,,,,,366.600,-1.715E-12,-0.465,0.47
,,,,,,,,,,,,,,,,,,,,,,,,,,,,,,,,,,,,,,,,,,,,,,366.650,-1.467E-12,-0.465,0.46
,,,,,,,,,,,,,,,,,,,,,,,,,,,,,,,,,,,,,,,,,,,,,,366.700,-1.041E-12,-0.465,0.46
,,,,,,,,,,,,,,,,,,,,,,,,,,,,,,,,,,,,,,,,,,,,,,366.750,-4.670E-13,-0.465,0.47
,,,,,,,,,,,,,,,,,,,,,,,,,,,,,,,,,,,,,,,,,,,,,,366.800,1.990E-14,-0.465,0.47
,,,,,,,,,,,,,,,,,,,,,,,,,,,,,,,,,,,,,,,,,,,,,,366.850,3.391E-13,-0.465,0.47
,,,,,,,,,,,,,,,,,,,,,,,,,,,,,,,,,,,,,,,,,,,,,,366.900,4.457E-13,-0.466,0.47
,,,,,,,,,,,,,,,,,,,,,,,,,,,,,,,,,,,,,,,,,,,,,,366.950,4.729E-13,-0.465,0.47
,,,,,,,,,,,,,,,,,,,,,,,,,,,,,,,,,,,,,,,,,,,,,,367.000,5.508E-13,-0.464,0.46
,,,,,,,,,,,,,,,,,,,,,,,,,,,,,,,,,,,,,,,,,,,,,,367.050,5.818E-13,-0.464,0.46
,,,,,,,,,,,,,,,,,,,,,,,,,,,,,,,,,,,,,,,,,,,,,,367.100,4.099E-13,-0.465,0.46
,,,,,,,,,,,,,,,,,,,,,,,,,,,,,,,,,,,,,,,,,,,,,,367.150,3.662E-16,-0.465,0.46
,,,,,,,,,,,,,,,,,,,,,,,,,,,,,,,,,,,,,,,,,,,,,,367.200,-5.989E-13,-0.466,0.47
,,,,,,,,,,,,,,,,,,,,,,,,,,,,,,,,,,,,,,,,,,,,,,367.250,-1.196E-12,-0.465,0.47
,,,,,,,,,,,,,,,,,,,,,,,,,,,,,,,,,,,,,,,,,,,,,,367.300,-1.312E-12,-0.466,0.47
,,,,,,,,,,,,,,,,,,,,,,,,,,,,,,,,,,,,,,,,,,,,,,367.350,-4.636E-13,-0.466,0.47
,,,,,,,,,,,,,,,,,,,,,,,,,,,,,,,,,,,,,,,,,,,,,,367.400,1.462E-12,-0.465,0.46
,,,,,,,,,,,,,,,,,,,,,,,,,,,,,,,,,,,,,,,,,,,,,,367.450,4.263E-12,-0.466,0.47
,,,,,,,,,,,,,,,,,,,,,,,,,,,,,,,,,,,,,,,,,,,,,,367.500,7.511E-12,-0.465,0.47
,,,,,,,,,,,,,,,,,,,,,,,,,,,,,,,,,,,,,,,,,,,,,,367.550,1.080E-11,-0.466,0.47
,,,,,,,,,,,,,,,,,,,,,,,,,,,,,,,,,,,,,,,,,,,,,,367.600,1.405E-11,-0.465,0.47
,,,,,,,,,,,,,,,,,,,,,,,,,,,,,,,,,,,,,,,,,,,,,,367.650,1.710E-11,-0.464,0.46
,,,,,,,,,,,,,,,,,,,,,,,,,,,,,,,,,,,,,,,,,,,,,,367.700,1.955E-11,-0.467,0.47
,,,,,,,,,,,,,,,,,,,,,,,,,,,,,,,,,,,,,,,,,,,,,,367.750,2.121E-11,-0.465,0.47
,,,,,,,,,,,,,,,,,,,,,,,,,,,,,,,,,,,,,,,,,,,,,,367.800,2.229E-11,-0.466,0.47
,,,,,,,,,,,,,,,,,,,,,,,,,,,,,,,,,,,,,,,,,,,,,,367.850,2.334E-11,-0.466,0.47
,,,,,,,,,,,,,,,,,,,,,,,,,,,,,,,,,,,,,,,,,,,,,,367.900,2.446E-11,-0.466,0.47
,,,,,,,,,,,,,,,,,,,,,,,,,,,,,,,,,,,,,,,,,,,,,,367.950,2.552E-11,-0.466,0.47
,,,,,,,,,,,,,,,,,,,,,,,,,,,,,,,,,,,,,,,,,,,,,,368.000,2.639E-11,-0.466,0.47
,,,,,,,,,,,,,,,,,,,,,,,,,,,,,,,,,,,,,,,,,,,,,,368.050,2.693E-11,-0.465,0.46
,,,,,,,,,,,,,,,,,,,,,,,,,,,,,,,,,,,,,,,,,,,,,,368.100,2.712E-11,-0.465,0.47
,,,,,,,,,,,,,,,,,,,,,,,,,,,,,,,,,,,,,,,,,,,,,,368.150,2.689E-11,-0.465,0.47
,,,,,,,,,,,,,,,,,,,,,,,,,,,,,,,,,,,,,,,,,,,,,,368.200,2.597E-11,-0.465,0.47
,,,,,,,,,,,,,,,,,,,,,,,,,,,,,,,,,,,,,,,,,,,,,,368.250,2.440E-11,-0.466,0.47
,,,,,,,,,,,,,,,,,,,,,,,,,,,,,,,,,,,,,,,,,,,,,,368.300,2.231E-11,-0.465,0.46
,,,,,,,,,,,,,,,,,,,,,,,,,,,,,,,,,,,,,,,,,,,,,,368.350,1.992E-11,-0.464,0.46
,,,,,,,,,,,,,,,,,,,,,,,,,,,,,,,,,,,,,,,,,,,,,,368.400,1.730E-11,-0.464,0.46
,,,,,,,,,,,,,,,,,,,,,,,,,,,,,,,,,,,,,,,,,,,,,,368.450,1.458E-11,-0.465,0.47
,,,,,,,,,,,,,,,,,,,,,,,,,,,,,,,,,,,,,,,,,,,,,,368.500,1.189E-11,-0.464,0.46
,,,,,,,,,,,,,,,,,,,,,,,,,,,,,,,,,,,,,,,,,,,,,,368.550,9.068E-12,-0.466,0.47
,,,,,,,,,,,,,,,,,,,,,,,,,,,,,,,,,,,,,,,,,,,,,,368.600,5.996E-12,-0.465,0.47
,,,,,,,,,,,,,,,,,,,,,,,,,,,,,,,,,,,,,,,,,,,,,,368.650,2.759E-12,-0.465,0.47
,,,,,,,,,,,,,,,,,,,,,,,,,,,,,,,,,,,,,,,,,,,,,,368.700,-3.517E-13,-0.466,0.47
,,,,,,,,,,,,,,,,,,,,,,,,,,,,,,,,,,,,,,,,,,,,,,368.750,-3.105E-12,-0.465,0.47
,,,,,,,,,,,,,,,,,,,,,,,,,,,,,,,,,,,,,,,,,,,,,,368.800,-5.614E-12,-0.466,0.47
,,,,,,,,,,,,,,,,,,,,,,,,,,,,,,,,,,,,,,,,,,,,,,368.850,-7.679E-12,-0.465,0.47
,,,,,,,,,,,,,,,,,,,,,,,,,,,,,,,,,,,,,,,,,,,,,,,-8.599E-12,-0.465,
,,,,,,,,,,,,,,,,,,,,,,,,,,,,,,,,,,,,,,,,,,,,,,,-8.171E-12,-0.465,
,,,,,,,,,,,,,,,,,,,,,,,,,,,,,,,,,,,,,,,,,,,,,,,-7.090E-12,-0.466,
